"PCD 32546 - ESTAÇÃO: Irece/BA, Latitude: -11.287, Longitude: -41.890, Altitude: 722",DataHora (GMT),Bateria (Volts                                             ),CorrPSol (Logico                                            ),DirVelVentoMax (oNV                                               ),DirVento (oNV                                               ),Pluvio (mm                                                ),RadSolAcum (MJ/m2                                             ),TempAr (oC                                                ),TempMax (oC                                                ),TempMin (oC                                                ),UmidInt (%                                                 ),UmidRel (%                                                 ),VelVento10m (m/s                                               ),VelVentoMax (m/s                                               )
1999-12-16 06:00:00,,0,20,110,3,0,21.5,33,19.5,10,94,2.7,6.5
1999-12-16 03:00:00,,,,180,2,20.5,22,,,,96,2.7,0
1999-12-16 00:00:00,11.1,0,280,210,0,20.5,25.5,33,19.5,10,71,1.1,7
1999-12-15 21:00:00,11.2,0,330,290,0,20.5,27,33,19.5,10,62,3.9,10.2
1999-12-15 18:00:00,,,,320,0,19.25,32,,,,45,4.9,0
1999-12-15 15:00:00,11.3,1,330,300,0,10.25,31.5,33,19.5,10,42,2.9,7.5
1999-12-15 12:00:00,11.2,1,80,70,0,3.5,28,33,19.5,10,56,2.2,5.4
1999-12-15 09:00:00,,1,90,130,0,0,20.5,33,19,10,83,0.5,3.1
1999-12-15 06:00:00,11,0,80,70,0,0,22,33,19,10,77,1.9,3.7
1999-12-15 03:00:00,,,,120,0,23.5,24.5,,,,63,1.2,0
1999-12-15 00:00:00,,,,220,0,23.5,29.5,,,,45,1.1,0
1999-12-14 21:00:00,11.1,0,30,220,0,23.5,29.5,33,19,10,45,1.1,6.4
1999-12-14 18:00:00,,,,0,0,22.25,32.5,,,,38,3.5,0
1999-12-14 15:00:00,11.3,1,40,10,0,12.25,30,33,19,10,47,1.9,7.9
1999-12-14 12:00:00,11.2,1,50,60,0,4.75,26.5,33,19,10,58,4.4,7
1999-12-14 09:00:00,11.1,1,110,110,0,0,21,33,20,10,79,2.7,4.8
1999-12-14 06:00:00,11.2,0,90,150,0,0,20,33,20,10,82,1.6,3.9
1999-12-14 03:00:00,,,,60,0,22.25,21,,,,76,1.2,0
1999-12-14 00:00:00,,,,150,0,22.25,24,,,,66,1.8,0
1999-12-13 21:00:00,11.3,0,20,180,0,22.25,28,34.5,20,10,55,2.6,6.8
1999-12-13 18:00:00,11.5,1,20,90,0,19,32.5,34.5,20,10,37,2.3,7
1999-12-13 15:00:00,,,,350,0,12,30,,,,50,2.7,0
1999-12-13 12:00:00,,,,90,0,5,26.5,,,,58,3.1,0
1999-12-13 09:00:00,11.1,1,110,120,0,0,20.5,34.5,15.5,10,81,3.3,5.9
1999-12-13 06:00:00,11.1,0,110,140,0,0,20.5,34.5,15.5,10,82,2.6,6.2
1999-12-13 03:00:00,11.2,0,90,110,0,25.25,23,34.5,15.5,10,63,3.8,6.2
1999-12-13 00:00:00,11.3,0,110,110,0,25.25,24.5,34.5,15.5,10,48,2.3,7.2
1999-12-12 21:00:00,11.3,0,130,120,0,25.25,30.5,32.5,15.5,10,35,3,5.7
1999-12-12 18:00:00,,,,90,0,21.5,34,,,,25,1.7,0
1999-12-12 15:00:00,,,,60,0,12.25,31.5,,,,33,3.2,0
1999-12-12 12:00:00,,,,90,0,4.25,25,,,,57,3.9,0
1999-12-12 09:00:00,11.1,1,150,150,0,0,18,32.5,16.5,10,91,2.2,3
1999-12-12 06:00:00,11.1,0,110,50,0,0,17.5,32.5,16.5,5,88,2.2,4
1999-12-12 03:00:00,11.2,0,100,120,0,25.25,20,32.5,16.5,10,74,2,5.3
1999-12-12 00:00:00,,,,80,0,25.25,23.5,,,,57,2.1,0
1999-12-11 21:00:00,11.4,0,70,80,0,25.25,28,31.5,16.5,10,41,3.2,6.7
1999-12-11 18:00:00,11.5,1,90,70,0,22.25,32,31.5,16.5,10,36,2.7,9.6
1999-12-11 15:00:00,,,,110,0,13,29.5,,,,44,3.3,0
1999-12-11 12:00:00,11.3,1,90,20,0,0,18,31.5,16.5,10,87,1,8.1
1999-12-11 09:00:00,11.2,1,110,100,0,0,18.5,31.5,18.5,10,86,2.2,4.4
1999-12-11 06:00:00,11.2,0,80,110,0,24,19.5,31.5,18.5,10,76,2.2,4.7
1999-12-11 03:00:00,11.3,0,140,40,0,24,20.5,31.5,18.5,10,70,1.6,3.1
1999-12-11 00:00:00,11.2,0,80,40,0,24,20.5,31.5,18.5,10,70,1.6,4.6
1999-12-10 21:00:00,11.4,0,90,70,0,24,27.5,32,18.5,10,46,3,10
1999-12-10 18:00:00,11.6,1,110,110,0,21,31,32,18.5,10,43,3.8,7.8
1999-12-10 15:00:00,,,,130,0,13.25,29,,,,47,2.7,0
1999-12-10 12:00:00,,,,110,0,4.75,25,,,,62,4.3,0
1999-12-10 09:00:00,,,,120,0,0,19.5,,,,80,3.5,0
1999-12-10 06:00:00,11.2,0,80,80,0,0,21,32,17.5,10,79,3,8.9
1999-12-10 03:00:00,11.3,0,80,80,0,26.75,21,32,17.5,10,80,4.7,12.2
1999-12-10 00:00:00,11.3,0,90,90,0,26.75,24,32,17.5,10,63,7,9.7
1999-12-09 21:00:00,11.4,0,80,100,0,26.75,28,30.5,17.5,10,41,2.9,10.3
1999-12-09 18:00:00,,,,70,0,24,32,,,,36,3.4,0
1999-12-09 15:00:00,,,,80,0,14,29.5,,,,45,4.4,0
1999-12-09 12:00:00,,,,70,0,5,25.5,,,,59,6.3,0
1999-12-09 09:00:00,11.3,1,150,120,0,0,18.5,30.5,18.5,10,83,3,5.5
1999-12-09 06:00:00,11.3,0,110,110,0,0,19,30.5,18.5,10,81,2.8,8.4
1999-12-09 03:00:00,11.3,0,90,100,0,27.5,21,30.5,18.5,10,75,5.7,9.7
1999-12-09 00:00:00,,,,110,0,27.5,23,,,,61,3.8,0
1999-12-08 21:00:00,11.5,0,90,90,0,27.5,26.5,31.5,18.5,10,44,4,12.1
1999-12-08 18:00:00,,,,90,0,24,30,,,,38,4.9,0
1999-12-08 15:00:00,11.4,1,90,90,0,14.25,28.5,31.5,18.5,10,43,7.4,12.3
1999-12-08 12:00:00,11.4,1,100,100,0,5.25,24.5,31.5,18.5,10,62,6.6,12.4
1999-12-08 09:00:00,11.3,1,110,110,0,0,19.5,31.5,19.5,10,81,5.5,9.3
1999-12-08 06:00:00,11.3,0,100,80,0,0,19.5,31.5,19.5,10,85,2.6,7.8
1999-12-08 03:00:00,11.4,0,90,100,0,24.75,21.5,31.5,19.5,10,74,5,8.6
1999-12-08 00:00:00,,,,60,0,24.75,19.5,,,,72,2.2,0
1999-12-07 21:00:00,,,,80,0,24.75,27,,,,45,4.3,0
1999-12-07 18:00:00,,,,70,0,22.5,29.5,,,,41,4.3,0
1999-12-07 15:00:00,11.5,1,100,100,0,14,28.5,30,19.5,10,49,4.7,10.4
1999-12-07 12:00:00,,,,100,0,5.25,24.5,,,,65,5.1,0
1999-12-07 09:00:00,11.4,1,140,130,0,0,20.5,30,20,10,86,3.1,5.1
1999-12-07 06:00:00,11.4,0,130,130,0,0,20,30,20,10,90,2.3,6.4
1999-12-07 03:00:00,11.3,0,100,130,0,19,21,30,20,10,77,3.5,6.6
1999-12-07 00:00:00,11.5,0,90,90,0,19,22.5,30,20,10,72,3.2,8.5
1999-12-06 21:00:00,11.5,0,80,90,0,19,25.5,29.5,20,10,62,4.3,10.3
1999-12-06 18:00:00,,,,80,0,16.75,28.5,,,,50,3.8,0
1999-12-06 15:00:00,11.6,1,100,80,0,9,26,29.5,20,10,61,4.8,8.8
1999-12-06 12:00:00,,,,80,0,2.5,23.5,,,,71,4.2,0
1999-12-06 09:00:00,11.3,1,100,100,0,0,20.5,29.5,20,10,86,1.9,5
1999-12-06 06:00:00,11.4,0,90,120,0,0,21.5,29.5,20,10,87,2.5,4.8
1999-12-06 03:00:00,11.4,0,110,120,0,14.75,22,29.5,20,10,83,2.4,6.3
1999-12-06 00:00:00,11.4,0,70,80,0,14.75,23.5,29.5,20,10,70,2.5,3.7
1999-12-05 21:00:00,,,,50,0,14.75,25.5,,,,62,1.2,0
1999-12-05 18:00:00,,,,40,0,13.25,29,,,,49,2.9,0
1999-12-05 15:00:00,,,,50,0,5.25,26,,,,63,4.1,0
1999-12-05 09:00:00,11.3,1,90,130,0,0,20.5,28.5,18,10,85,2,6.7
1999-12-05 06:00:00,11.4,0,80,100,0,0,20,28.5,18,10,87,3.1,6.2
1999-12-05 03:00:00,11.4,0,100,90,0,16.25,21.5,28.5,18,10,74,3.4,6.8
1999-12-05 00:00:00,11.4,0,100,70,0,16.25,22.5,28.5,18,10,74,1.8,4.6
1999-12-04 21:00:00,11.5,0,90,100,0,16.25,25,30.5,18,10,60,3.1,5.7
1999-12-04 18:00:00,,,,100,0,15.25,27,,,,55,2.2,0
1999-12-04 15:00:00,11.7,1,100,60,0,12,27,30.5,18,10,52,4.6,9.8
1999-12-04 12:00:00,,,,70,0,4,23.5,,,,65,3.8,0
1999-12-04 09:00:00,11.4,1,130,110,0,0.25,20,30.5,19.5,10,87,1.1,3
1999-12-04 06:00:00,11.4,0,90,120,0,0,19.5,30.5,19.5,10,91,2,4.7
1999-12-04 03:00:00,11.5,0,80,90,0,24.25,21.5,30.5,19.5,10,79,3.2,8.2
1999-12-04 00:00:00,11.5,0,90,80,0,24.25,23.5,30.5,19.5,10,67,4.6,8.6
1999-12-03 21:00:00,11.5,0,100,50,0,24.25,26,27.5,19.5,10,51,2.1,7.2
1999-12-03 18:00:00,,,,80,0,21.75,30,,,,37,3.6,0
1999-12-03 15:00:00,11.6,1,90,80,0,12.5,28,27.5,19.5,10,46,4.7,10.7
1999-12-03 12:00:00,11.5,1,100,100,0,4.25,24.5,27.5,19.5,10,61,5,10.3
1999-12-03 09:00:00,11.4,1,110,110,0,0.25,20,27.5,20.5,10,83,5.5,6.7
1999-12-03 06:00:00,,,,120,0,0,20,,,,81,3,0
1999-12-03 03:00:00,11.4,0,120,120,0,17,21.5,27.5,20.5,10,81,4.5,9.5
1999-12-03 00:00:00,11.5,0,100,130,0,17,22.5,27.5,20.5,10,77,3.1,5.7
1999-12-02 21:00:00,11.5,0,90,110,0,17,24,27.5,20.5,10,62,3.4,9.6
1999-12-02 18:00:00,,,,80,0,15,26.5,,,,50,5.4,0
1999-12-02 15:00:00,11.7,1,90,90,0,8.75,26.5,27.5,20.5,10,54,5.6,11.1
1999-12-02 12:00:00,11.6,1,100,100,0,2.5,23.5,27.5,20.5,10,73,6.4,9.8
1999-12-02 09:00:00,11.3,1,100,110,0,0,20.5,27.5,21,10,86,3.9,7.5
1999-12-02 06:00:00,11.4,0,90,110,0,0,21,27.5,21,10,89,3.1,7.3
1999-12-02 03:00:00,11.4,0,120,120,0,14.75,21.5,27.5,21,10,84,3.4,6.6
1999-12-02 00:00:00,11.4,0,120,130,0,14.75,22,27.5,21,10,81,2.9,6.1
1999-12-01 21:00:00,,,,140,0,14.75,24,,,,74,3,0
1999-12-01 18:00:00,,,,140,0,12.25,26,,,,65,2.4,0
1999-12-01 15:00:00,11.6,1,80,80,0,8,25,27,21,10,67,2.8,7.2
1999-12-01 12:00:00,11.5,1,100,80,0,3,23,27,21,10,72,4.1,7.2
1999-12-01 09:00:00,11.3,1,140,110,0,0,21,27,20,10,93,2.4,4.8
1999-12-01 06:00:00,11.3,0,150,130,0,0,21,27,20,10,93,2.7,4.8
1999-12-01 03:00:00,11.4,0,120,130,0,15.5,21.5,27,20,10,91,3,4.7
1999-12-01 00:00:00,,,,100,0,15.5,22,,,,89,2.9,0
1999-11-30 21:00:00,,,,110,248,15.5,23,,,,87,1.6,0
1999-11-30 18:00:00,11.6,1,80,120,248,14,25,26.5,20,10,74,4,9.7
1999-11-30 15:00:00,,,,150,248,7.25,26,,,,72,2.2,0
1999-11-30 12:00:00,11.3,1,100,110,248,1,21,26.5,20,10,91,3.6,5.7
1999-11-30 09:00:00,11.3,1,100,90,247,0,21,26.5,20.5,10,95,2,4.6
1999-11-30 06:00:00,11.3,0,320,80,247,0,20,26.5,20.5,10,97,1,4.3
1999-11-30 03:00:00,11.3,0,70,340,247,10,20.5,26.5,20.5,10,97,2.6,2.3
1999-11-30 00:00:00,,,,100,247,10,21.5,,,,97,1.2,0
1999-11-29 21:00:00,,,,200,247,10,22,,,,94,0.8,0
1999-11-29 18:00:00,11.5,1,280,310,246,9.75,23.5,29,20.5,10,88,1.6,8.3
1999-11-29 15:00:00,11.6,1,190,80,242,6,24.5,29,20.5,10,77,2.6,12
1999-11-29 12:00:00,11.5,1,80,80,227,3.25,24.5,29,20.5,10,82,3.2,4.6
1999-11-29 09:00:00,,,,80,227,0,21,,,,97,0.9,0
1999-11-29 06:00:00,11.4,0,220,50,227,0,20.5,29,19.5,10,97,0.8,4.4
1999-11-29 03:00:00,11.4,0,220,210,227,17.25,22.5,29,19.5,10,89,2.6,6.9
1999-11-29 00:00:00,,,,50,227,17.25,23.5,,,,79,1,0
1999-11-28 21:00:00,,,,230,227,17.25,25.5,,,,75,0.8,0
1999-11-28 18:00:00,11.7,1,320,340,227,14.75,29,30,19.5,10,62,4.3,6.9
1999-11-28 15:00:00,11.6,1,30,0,227,6.75,26.5,30,19.5,10,68,2.8,7.1
1999-11-28 12:00:00,11.5,1,60,50,227,1.5,23,30,19.5,10,87,3.8,5.8
1999-11-28 09:00:00,11.4,0,300,70,227,0,20.5,30,20.5,10,97,1.3,5
1999-11-28 06:00:00,11.4,0,270,70,217,0,21,30,20.5,10,97,1.1,2.7
1999-11-28 03:00:00,11.5,0,90,30,217,18,21,30,20.5,10,97,0.5,3.7
1999-11-28 00:00:00,,,,230,217,18,22,,,,91,0.6,0
1999-11-27 21:00:00,11.5,0,310,300,217,18,22,30.5,20.5,10,86,2.3,17.6
1999-11-27 18:00:00,,,,270,194,17,23.5,,,,80,5.2,0
1999-11-27 15:00:00,11.7,1,330,50,191,10,28.5,30.5,20.5,10,54,2.5,6.8
1999-11-27 12:00:00,11.6,1,60,100,191,2.75,24.5,30.5,20.5,10,68,2.3,5.2
1999-11-27 09:00:00,11.4,1,150,140,191,0,21.5,30.5,18,10,87,1.5,2.3
1999-11-27 06:00:00,11.4,0,100,100,191,0,21,30.5,18,10,92,0.7,3.2
1999-11-27 03:00:00,11.4,0,80,130,191,17.5,22.5,30.5,18,10,91,1.4,1.6
1999-11-27 00:00:00,11.4,0,30,130,191,17.5,22.5,30.5,18,10,93,0.9,2.4
1999-11-26 21:00:00,11.5,0,330,60,191,17.5,23,28.5,18,10,92,1.9,7.6
1999-11-26 18:00:00,,,,80,191,16.75,24.5,,,,74,3.8,0
1999-11-26 15:00:00,11.7,1,90,140,191,2,23,28.5,18,10,78,2.4,5
1999-11-26 12:00:00,11.6,1,100,140,191,2,23,28.5,18,10,78,2.4,4.9
1999-11-26 09:00:00,11.4,1,80,50,191,0,19,28.5,19,10,97,1.1,2.4
1999-11-26 06:00:00,11.4,0,30,0,191,0,18.5,28.5,19,10,97,0.6,2.5
1999-11-26 03:00:00,11.5,0,50,110,191,14.75,20,28.5,19,10,96,0.7,2.6
1999-11-26 00:00:00,11.5,0,100,80,191,14.75,25,28.5,19,10,68,2.4,4.5
1999-11-25 21:00:00,11.6,0,350,80,191,14.75,25,31,19,10,68,2.4,5.6
1999-11-25 18:00:00,11.8,1,330,330,191,13.5,28,31,19,10,56,1.5,6.5
1999-11-25 15:00:00,11.7,1,60,70,191,6.25,25.5,31,19,10,67,2.6,7.5
1999-11-25 12:00:00,11.3,1,220,30,191,1.25,21,31,19,10,80,1,3.5
1999-11-25 09:00:00,11.4,1,310,240,191,0,19,31,17.5,10,93,1.5,7.7
1999-11-25 06:00:00,11.4,0,80,120,191,0,21.5,31,17.5,10,83,2.2,3.3
1999-11-25 03:00:00,11.5,0,150,180,191,23.5,21.5,31,17.5,10,84,0.3,5.9
1999-11-25 00:00:00,,,,130,191,23.5,23.5,,,,71,3.1,0
1999-11-24 21:00:00,11.6,0,40,110,191,23.5,27,29,17.5,10,60,4.1,6.7
1999-11-24 18:00:00,,,,40,191,22,31,,,,44,3.3,0
1999-11-24 15:00:00,11.7,1,50,30,191,12.5,28.5,29,17.5,10,56,3.1,6.6
1999-11-24 12:00:00,11.6,1,80,50,191,3.75,24.5,29,17.5,10,73,2.7,5.5
1999-11-24 09:00:00,11.4,1,90,80,191,0,18.5,29,19.5,10,97,1,2.2
1999-11-24 06:00:00,11.5,0,150,40,191,0,18,29,19.5,10,97,1.5,5.1
1999-11-24 03:00:00,11.5,0,140,140,191,15.75,20.5,29,19.5,10,88,2.7,6
1999-11-24 00:00:00,,,,100,191,15.75,22.5,,,,75,3.3,0
1999-11-23 21:00:00,,,,120,191,15.75,26,,,,63,3.5,0
1999-11-23 18:00:00,,,,70,191,14,28.5,,,,55,0.5,0
1999-11-23 15:00:00,11.7,1,30,70,191,9.75,28,29.5,19.5,10,62,2.2,6.2
1999-11-23 12:00:00,,,,70,191,2.75,24,,,,76,2,0
1999-11-23 09:00:00,11.4,1,80,100,191,0,20,29.5,20,10,95,1.2,2.6
1999-11-23 06:00:00,11.5,0,100,100,191,0,20.5,29.5,20,10,93,1.3,3.3
1999-11-23 03:00:00,11.5,0,80,110,191,19,22.5,29.5,20,10,85,1.8,4.7
1999-11-23 00:00:00,,,,90,191,19,24.5,,,,75,3,0
1999-11-22 21:00:00,11.6,0,0,40,191,19,26,25.5,20,10,74,1.1,6.1
1999-11-22 18:00:00,11.7,1,20,30,191,17.5,28.5,25.5,20,10,55,2.4,6.9
1999-11-22 15:00:00,11.7,1,30,30,191,11.25,27.5,25.5,20,10,67,3.6,7.9
1999-11-22 12:00:00,11.6,1,80,40,191,4,24.5,25.5,20,10,75,4.9,7.9
1999-11-22 09:00:00,11.5,1,100,90,191,0,20.5,25.5,18,10,91,2.3,3.4
1999-11-22 06:00:00,,,,120,191,0,20.5,,,,93,1.1,0
1999-11-22 03:00:00,11.5,0,90,70,191,12.5,21.5,25.5,18,10,88,1.8,3.8
1999-11-22 00:00:00,11.5,0,30,70,191,12.5,21.5,25.5,18,10,88,1.8,5.6
1999-11-21 21:00:00,11.6,0,20,50,191,12.5,24,24,18,10,78,2.1,4.1
1999-11-21 18:00:00,11.8,1,30,40,191,11.25,25.5,24,18,10,66,2.4,5.5
1999-11-21 15:00:00,11.6,1,80,70,191,6.75,24,24,18,10,75,3.3,7.4
1999-11-21 12:00:00,11.7,1,90,60,191,2.25,22.5,24,18,10,83,3.9,7
1999-11-21 09:00:00,11.4,1,100,100,191,0,18.5,24,18.5,10,97,2.2,2.8
1999-11-21 06:00:00,11.4,0,70,170,191,0,18.5,24,18.5,10,97,0.7,3.1
1999-11-21 03:00:00,,,,340,191,6,18.5,,,,97,0.8,0
1999-11-21 00:00:00,,,,260,189,6,18.5,,,,97,1.8,0
1999-11-20 21:00:00,11.5,0,100,60,180,6,20,24.5,19.5,10,97,1.5,8.3
1999-11-20 18:00:00,11.7,1,110,120,174,5.25,24,24.5,19.5,10,75,4.5,6.9
1999-11-20 15:00:00,11.5,1,110,140,174,2.5,21.5,24.5,19.5,10,91,0.7,6.1
1999-11-20 12:00:00,11.6,1,110,100,174,1,21,24.5,19.5,10,85,3.8,6.6
1999-11-20 09:00:00,11.5,1,110,110,174,0,20,24.5,19,10,88,3.3,6.3
1999-11-20 06:00:00,11.5,0,100,120,174,0,20,24.5,19,10,91,3,5.6
1999-11-20 03:00:00,,,,140,174,10,20,,,,92,3.1,0
1999-11-20 00:00:00,,,,120,174,10,20,,,,91,2,0
1999-11-19 21:00:00,11.6,0,100,130,174,10,20.5,25.5,19,10,91,4.1,8.9
1999-11-19 18:00:00,11.7,1,150,140,173,9.25,23.5,25.5,19,10,80,4.3,8
1999-11-19 15:00:00,,,,120,173,5.25,24,,,,77,3.8,0
1999-11-19 12:00:00,11.7,1,120,110,173,1.5,21,25.5,19,10,86,3.1,5.5
1999-11-19 09:00:00,11.5,0,100,130,172,0,19,25.5,19,10,97,2.4,4.4
1999-11-19 06:00:00,,,,130,167,0,19,,,,95,2.5,0
1999-11-19 03:00:00,,,,100,167,9.75,20.5,,,,90,3.2,0
1999-11-19 00:00:00,,,,130,166,9.75,21.5,,,,89,3,0
1999-11-18 21:00:00,11.7,0,160,140,166,9.75,21.5,25.5,19,10,94,1.6,4.2
1999-11-18 18:00:00,,,,160,166,9.25,20,,,,97,2,0
1999-11-18 15:00:00,,,,100,142,7.5,25,,,,71,3.2,0
1999-11-18 12:00:00,11.7,1,90,90,142,2.5,22,25.5,19,10,79,4.4,6.9
1999-11-18 09:00:00,11.6,1,90,110,142,0,19,25.5,19,10,91,3.4,6.5
1999-11-18 06:00:00,11.6,0,110,120,142,0,19,25.5,19,10,95,2.6,4.5
1999-11-18 03:00:00,,,,120,141,16,20,,,,88,2,0
1999-11-18 00:00:00,11.7,0,90,130,141,16,21,25.5,19,10,84,2.7,7.4
1999-11-17 21:00:00,11.7,0,100,110,141,16,22.5,24,19,10,77,3.9,9.8
1999-11-17 18:00:00,,,,120,141,13.5,24,,,,76,5.8,0
1999-11-17 15:00:00,11.8,1,110,140,128,9.5,25,24,19,10,75,3.9,8.5
1999-11-17 12:00:00,11.8,1,90,80,128,3.5,23.5,24,19,10,78,5.5,9.5
1999-11-17 09:00:00,11.5,1,100,110,128,0,19.5,23.5,19,10,95,2.9,4.2
1999-11-17 06:00:00,11.5,0,90,90,128,0,20,23.5,19,10,95,2.1,4.1
1999-11-17 03:00:00,11.6,0,140,90,128,5.5,20,23.5,19,10,96,1.5,3.2
1999-11-17 00:00:00,11.6,0,120,140,128,5.5,20.5,23.5,19,10,95,1.1,6.4
1999-11-16 21:00:00,11.6,0,120,120,127,5.5,22,34,19,10,90,3.8,4.7
1999-11-16 18:00:00,11.8,1,320,120,127,4.75,22.5,34,19,10,93,2.5,5.6
1999-11-16 15:00:00,11.7,1,90,340,106,3.25,21.5,34,19,10,96,3.5,7.1
1999-11-16 12:00:00,11.8,1,130,110,106,1,21,34,19,10,97,3.1,7.3
1999-11-16 09:00:00,11.4,1,0,160,95,0,19,34,19,25,97,2.7,8.4
1999-11-16 06:00:00,,,,140,4,0,22.5,,,,90,2.5,0
1999-11-16 03:00:00,11.7,0,150,220,4,17.75,22.5,34,19,10,88,1,3.8
1999-11-16 00:00:00,,,,240,,3.5,22.5,,,,89,2,0
1999-11-15 21:00:00,,,,110,3,17.75,23,,,,86,2.5,0
1999-11-15 18:00:00,11.9,1,220,240,0,16.25,32.5,34.5,19,10,38,2.6,9.6
1999-11-15 15:00:00,11.9,1,90,290,0,10.5,31.5,34.5,19,10,46,1.2,5.7
1999-11-15 12:00:00,,,,100,0,2.75,26.5,,,,62,1.8,0
1999-11-15 09:00:00,11.4,1,130,40,0,0,21.5,34.5,18.5,10,75,1.6,4.4
1999-11-15 06:00:00,11.6,0,80,60,0,0,19.5,34.5,18.5,10,77,2,3.1
1999-11-15 03:00:00,11.7,0,90,130,0,22.5,23.5,34.5,18.5,10,63,0.9,5.8
1999-11-15 00:00:00,,,,90,0,22.5,27,,,,54,4.1,0
1999-11-14 21:00:00,11.8,0,130,80,0,22.5,30.5,33.5,18.5,10,37,0.9,4.3
1999-11-14 18:00:00,11.9,1,40,70,0,20,32,33.5,18.5,10,35,2.4,12
1999-11-14 15:00:00,,,,110,0,13.25,30.5,,,,42,1.6,0
1999-11-14 12:00:00,11.8,1,110,100,0,4.25,26.5,33.5,18.5,10,57,3.9,7.2
1999-11-14 09:00:00,,,,120,0,0.25,21,,,,80,2.5,0
1999-11-14 06:00:00,,,,90,0,0,20.5,,,,74,1.2,0
1999-11-14 03:00:00,,,,90,0,27,20,,,,67,0.8,0
1999-11-14 00:00:00,11.7,0,80,80,0,27,25.5,33.5,18.5,10,54,4.4,9.7
1999-11-13 21:00:00,11.8,0,70,70,0,27,30,31.5,18.5,10,38,3.9,7
1999-11-13 18:00:00,12,1,10,60,0,24,32.5,31.5,18.5,10,29,2.6,6.5
1999-11-13 15:00:00,11.8,1,80,180,0,14,30,31.5,18.5,10,41,1.5,8.1
1999-11-13 12:00:00,11.8,1,90,80,0,4.5,25,31.5,18.5,10,59,4.7,9.6
1999-11-13 09:00:00,11.7,1,110,130,0,0,19.5,31.5,17.5,10,81,3,5.3
1999-11-13 06:00:00,11.6,0,100,130,0,0,19,31.5,17.5,10,83,2.4,6.5
1999-11-13 03:00:00,11.7,0,110,100,0,27.25,21.5,31.5,17.5,10,71,4,10.3
1999-11-13 00:00:00,,,,100,0,27.25,23.5,,,,53,4.6,0
1999-11-12 21:00:00,11.8,0,90,110,0,27.25,28,32,17.5,10,36,4.9,9.9
1999-11-12 18:00:00,12,1,70,90,0,24.5,31,32,17.5,10,29,4.8,11.1
1999-11-12 15:00:00,11.8,1,80,70,0,15,29,32,17.5,10,33,4.6,11.9
1999-11-12 12:00:00,11.7,1,90,90,0,5.5,24.5,32,17.5,10,48,4,12.1
1999-11-12 09:00:00,11.6,1,110,110,0,0.25,18.5,32,18.5,10,75,5.3,9
1999-11-12 06:00:00,,,,110,0,0,18.5,,,,78,4.4,0
1999-11-12 03:00:00,11.7,0,80,90,0,27.5,21.5,32,18.5,10,64,6.9,8.5
1999-11-12 00:00:00,11.8,0,110,120,0,27.5,23.5,32,18.5,10,53,2.4,10
1999-11-11 21:00:00,11.8,0,90,110,0,27.5,27,34,18.5,10,39,5.8,12
1999-11-11 18:00:00,12,1,110,100,0,24.25,31.5,34,18.5,10,28,7.4,14.2
1999-11-11 15:00:00,11.8,1,80,110,0,14.75,29.5,34,18.5,10,35,5.8,16.9
1999-11-11 12:00:00,11.8,1,90,100,0,5,25,34,18.5,10,49,6.6,12.6
1999-11-11 09:00:00,,,,110,0,0,20.5,,,,70,4.6,0
1999-11-11 06:00:00,11.7,0,90,120,0,0,20,34,18.5,10,78,3.3,8.2
1999-11-11 03:00:00,11.8,0,80,70,0,27.5,19,34,18.5,10,71,1.5,7.9
1999-11-11 00:00:00,11.8,0,100,90,0,27.5,24.5,34,18.5,10,52,4.8,8.9
1999-11-10 21:00:00,11.9,0,90,100,0,27.5,29.5,33,18.5,10,34,4.4,8.4
1999-11-10 18:00:00,12.1,1,110,110,0,24.25,33.5,33,18.5,10,28,4.3,8.7
1999-11-10 15:00:00,11.8,1,90,100,0,14.75,30.5,33,18.5,10,38,3.4,10.5
1999-11-10 12:00:00,11.8,1,90,90,0,5.25,25.5,33,18.5,10,55,5.5,10.6
1999-11-10 09:00:00,13.2,0,,130,0,0.25,20.5,33,18.5,25,80,2.2,0
1999-11-10 06:00:00,11.7,0,100,180,0,0,18.5,33,17.5,10,88,0.3,7.6
1999-11-10 03:00:00,11.8,0,100,100,0,27.5,21.5,33,17.5,10,70,4.9,9.9
1999-11-10 00:00:00,,,,110,0,27.5,24.5,,,,53,3.3,0
1999-11-09 21:00:00,11.9,0,90,80,0,27.5,28,33,17.5,10,41,4.9,12.1
1999-11-09 18:00:00,12.1,1,100,90,0,24.75,33,33,17.5,10,32,5.4,11.4
1999-11-09 15:00:00,11.9,1,90,90,0,15,31,33,17.5,10,37,4.9,11.3
1999-11-09 12:00:00,11.8,1,90,90,0,5.5,26,33,17.5,10,55,7.2,12.6
1999-11-09 09:00:00,,,,80,0,0.25,20.5,,,,80,5.6,0
1999-11-09 06:00:00,11.8,0,90,110,0,0,20,33,20.5,10,85,2,7.8
1999-11-09 03:00:00,11.8,0,90,100,0,24.25,22.5,33,20.5,10,75,4.7,10.8
1999-11-09 00:00:00,11.9,0,90,100,0,24.25,24.5,33,20.5,10,59,4.4,10
1999-11-08 21:00:00,11.9,0,80,100,0,24.25,28,34.5,20.5,10,46,6.6,12.6
1999-11-08 18:00:00,12.2,1,90,100,0,21.5,33,34.5,20.5,10,37,6.6,11.1
1999-11-08 15:00:00,12,1,90,80,0,13,30,34.5,20.5,10,45,4.5,10.5
1999-11-08 12:00:00,11.9,1,100,100,0,4.25,26,34.5,20.5,10,58,5.9,9.5
1999-11-08 09:00:00,,,,140,0,0.25,21.5,,,,72,3,0
1999-11-08 06:00:00,11.8,0,90,110,0,0,20.5,34.5,18.5,10,84,2.2,9.3
1999-11-08 03:00:00,11.9,0,100,90,0,21.25,22.5,34.5,18.5,10,76,4.7,10.9
1999-11-08 00:00:00,11.9,0,90,90,0,21.25,25,34.5,18.5,10,62,6.4,10.5
1999-11-07 21:00:00,12,0,30,70,0,21.25,28,34.5,18.5,10,45,4.8,11.6
1999-11-07 18:00:00,12.2,1,20,30,0,19,34,34.5,18.5,10,26,5.8,7.7
1999-11-07 15:00:00,12.2,1,20,340,0,14.25,30.5,34.5,18.5,10,39,2,7.7
1999-11-07 12:00:00,,,,20,0,5.25,28.5,,,,52,5.4,0
1999-11-07 09:00:00,,,,50,0,0,18.5,,,,86,2.2,0
1999-11-07 06:00:00,11.8,0,100,330,0,0,19,34.5,16.5,10,86,0.6,4.2
1999-11-07 03:00:00,11.9,0,100,110,0,27.25,22.5,34.5,16.5,10,70,2.1,4
1999-11-07 00:00:00,11.9,0,80,60,0,27.25,24.5,34.5,16.5,10,59,2,6.6
1999-11-06 21:00:00,12,0,30,50,0,27.25,29.5,32.5,16.5,10,40,2,6.6
1999-11-06 18:00:00,12.2,1,70,350,0,24.5,34.5,32.5,16.5,10,27,3.9,7.7
1999-11-06 15:00:00,11.9,1,90,230,0,15,31,32.5,16.5,10,42,2.3,9.3
1999-11-06 12:00:00,11.9,1,80,80,0,5.25,26.5,32.5,16.5,10,60,4.6,8.3
1999-11-06 09:00:00,,,,70,0,0.25,19.5,,,,91,1.1,0
1999-11-06 06:00:00,,,,90,0,0,18.5,,,,92,0.9,0
1999-11-06 03:00:00,11.7,0,150,90,0,22,20.5,32.5,17.5,10,82,1.9,4.1
1999-11-06 00:00:00,11.9,0,90,120,0,22,22.5,32.5,17.5,10,74,1.9,9.5
1999-11-05 21:00:00,,,,90,0,22,27,,,,53,5.3,0
1999-11-05 18:00:00,,,,100,0,19.25,30.5,,,,44,4.2,0
1999-11-05 15:00:00,12.1,1,80,70,0,12,30,31,17.5,10,48,3.1,7.4
1999-11-05 12:00:00,12,1,80,80,0,4,25.5,31,17.5,10,65,3.7,8.7
1999-11-05 09:00:00,11.8,1,140,70,0,0.25,19,31,18.5,10,91,1.8,3.5
1999-11-05 06:00:00,,,,100,0,0,18,,,,95,1.5,0
1999-11-05 03:00:00,11.9,0,120,120,0,22.75,21,31,18.5,10,83,3.2,5.4
1999-11-05 00:00:00,,,,90,0,22.75,23,,,,71,2.4,0
1999-11-04 21:00:00,12,0,120,90,0,22.75,26.5,29.5,18.5,10,54,4.6,9.7
1999-11-04 18:00:00,12.2,1,90,120,0,20.75,30,29.5,18.5,10,45,4.1,9.4
1999-11-04 15:00:00,12.2,1,90,110,0,12,28.5,29.5,18.5,10,52,3.8,8.9
1999-11-04 12:00:00,11.9,1,90,100,0,5.5,25,29.5,18.5,10,63,4.7,8.8
1999-11-04 09:00:00,11.8,1,110,120,0,0.25,20,29.5,17.5,10,84,3.4,6.5
1999-11-04 06:00:00,,,,100,0,0,19,,,,88,2.3,0
1999-11-04 03:00:00,11.9,0,90,120,0,23,20.5,29.5,17.5,10,84,3.1,10.2
1999-11-04 00:00:00,,,,90,0,23,21.5,,,,76,5.8,0
1999-11-03 21:00:00,12,0,90,80,0,23,25,25.5,17.5,10,63,5.6,9.5
1999-11-03 18:00:00,12.1,1,80,110,0,20.75,29,25.5,17.5,10,49,5.9,13.2
1999-11-03 15:00:00,12.1,1,90,100,0,11.75,27.5,25.5,17.5,10,54,3.7,9.4
1999-11-03 12:00:00,12.1,1,100,120,0,2.75,22,25.5,17.5,10,70,4.6,9.7
1999-11-03 09:00:00,,,,120,0,0,18.5,,,,87,2.9,0
1999-11-03 06:00:00,,,,120,0,0,18.5,,,,88,3.2,0
1999-11-03 03:00:00,11.9,0,110,110,0,14.5,19,25.5,18,10,84,2.5,8.3
1999-11-03 00:00:00,,,,120,0,14.5,19.5,,,,83,5.2,0
1999-11-02 21:00:00,12,0,110,100,0,14.5,22,24,18,10,70,5.3,8.6
1999-11-02 18:00:00,12.1,1,100,100,0,13.5,24.5,24,18,10,60,4.9,10.1
1999-11-02 15:00:00,12.2,1,160,90,0,8.5,24,24,18,10,61,5.3,10.3
1999-11-02 12:00:00,12.1,1,90,100,0,2.5,21.5,24,18,10,71,6.4,11.2
1999-11-02 09:00:00,,,,110,0,0,18,,,,85,3.2,0
1999-11-02 06:00:00,11.6,0,110,110,0,0,18,24,17.5,10,85,3.2,6.2
1999-11-02 03:00:00,,,,120,0,11,18.5,,,,86,2.8,0
1999-11-02 00:00:00,11.9,0,110,120,0,11,19.5,24,17.5,10,80,3.8,8.3
1999-11-01 21:00:00,11.9,0,100,120,0,11,20.5,24,17.5,10,77,4.6,8.2
1999-11-01 18:00:00,12,1,90,130,0,10.75,23,24,17.5,10,69,4.8,10.2
1999-11-01 15:00:00,12.2,1,100,120,0,7.5,23,24,17.5,10,67,4.9,10.8
1999-11-01 12:00:00,,,,120,0,1.75,20,,,,80,5.1,0
1999-11-01 09:00:00,11.8,0,110,120,0,0,18,24,19,10,88,3.7,9
1999-11-01 06:00:00,11.8,0,110,120,0,0,18.5,24,19,10,85,5,8.5
1999-11-01 03:00:00,,,,120,0,13,18.5,,,,85,3.6,0
1999-11-01 00:00:00,11.9,0,120,120,0,13,19.5,24,19,10,85,3.9,8.9
1999-10-31 21:00:00,12,0,100,120,142,13,21,29.5,19,10,78,4.3,9.5
1999-10-31 18:00:00,12.1,1,100,110,142,12.25,23,29.5,19,10,70,5.8,10.2
1999-10-31 15:00:00,12.2,1,100,110,142,8.5,22.5,29.5,19,10,73,6.3,13.9
1999-10-31 12:00:00,12.1,1,110,120,142,2.25,21,29.5,19,10,80,7.1,13.3
1999-10-31 09:00:00,11.8,1,120,100,141,0,19.5,29.5,20,10,90,3.8,7.8
1999-10-31 06:00:00,11.8,0,120,120,141,0,19.5,29.5,20,10,94,3.4,6.2
1999-10-31 03:00:00,11.9,0,120,110,141,17.75,19.5,29.5,20,10,95,2.7,9.7
1999-10-31 00:00:00,,,,120,135,17.75,21,,,,93,3.7,0
1999-10-30 21:00:00,11.8,0,110,120,135,17.75,23.5,28.5,20,10,76,4.1,9.5
1999-10-30 18:00:00,12.1,1,100,130,135,16.75,26.5,28.5,20,10,64,5,11.2
1999-10-30 15:00:00,12.1,1,90,80,135,11,27.5,28.5,20,10,58,5.3,8.9
1999-10-30 12:00:00,12.1,1,90,80,135,3,25,28.5,20,10,70,5.6,8.1
1999-10-30 09:00:00,11.8,1,120,120,135,0,21,28.5,20,10,87,2.9,5.2
1999-10-30 06:00:00,11.8,0,110,120,135,0,21,28.5,20,10,88,3,5.2
1999-10-30 03:00:00,11.9,0,100,130,135,15.25,22,28.5,20,10,85,2.7,8
1999-10-30 00:00:00,,,,110,135,15.25,23.5,,,,76,5.3,0
1999-10-29 21:00:00,12,0,110,120,135,15.25,23.5,25,20,10,78,2.6,9.3
1999-10-29 18:00:00,12.1,1,90,240,135,14,27,25,20,10,65,1.7,7.2
1999-10-29 15:00:00,12.1,1,90,80,135,11.5,27,25,20,10,56,4.5,9.1
1999-10-29 12:00:00,12.1,1,80,90,135,4,25,25,20,10,70,4.7,7.5
1999-10-29 09:00:00,11.7,1,110,100,135,0,20,25,18.5,10,90,2.4,5.8
1999-10-29 06:00:00,11.8,0,100,120,135,0,20.5,25,18.5,10,90,3.5,6.4
1999-10-29 03:00:00,11.9,0,110,120,135,11.25,21,25,18.5,10,87,3.5,5.9
1999-10-29 00:00:00,,,,130,135,11.25,21.5,,,,86,2.1,0
1999-10-28 21:00:00,12,0,100,100,135,11.25,23.5,23,18.5,10,80,2.6,6.5
1999-10-28 18:00:00,12.1,1,350,90,135,10,23.5,23,18.5,10,79,3.6,5.7
1999-10-28 15:00:00,12,1,80,120,131,8,24.5,23,18.5,10,72,1.4,6.8
1999-10-28 12:00:00,,,,100,131,3.5,22.5,,,,78,4.3,0
1999-10-28 09:00:00,11.9,1,110,100,131,0,19,22.5,18,10,91,2.2,4.3
1999-10-28 06:00:00,11.8,0,130,120,131,0,19,22.5,18,10,92,1.8,3.6
1999-10-28 03:00:00,11.9,0,140,130,131,6.25,19,22.5,18,10,94,1.6,5
1999-10-28 00:00:00,11.9,0,150,140,128,6.25,20.5,22.5,18,10,85,1.4,5.1
1999-10-27 21:00:00,11.9,0,150,130,128,6.25,21,26.5,18,10,82,3,5.3
1999-10-27 18:00:00,12.1,1,90,130,128,5.5,22,26.5,18,10,80,2.4,5.6
1999-10-27 15:00:00,12,1,90,110,128,3.5,21.5,26.5,18,10,79,2.7,5.8
1999-10-27 12:00:00,12,1,90,80,128,2,20.5,26.5,18,10,77,3.6,6.4
1999-10-27 09:00:00,11.9,0,100,120,128,0,18,26.5,18,10,88,1.5,6.8
1999-10-27 06:00:00,11.9,0,80,110,128,0,19,26.5,18,10,88,2.8,7.5
1999-10-27 03:00:00,12,0,100,130,128,17,20,26.5,18,10,89,1.5,6.5
1999-10-27 00:00:00,,,,120,128,17,20,,,,94,2.4,0
1999-10-26 21:00:00,12,0,80,60,126,17,24,24.5,18,10,71,1.6,6.3
1999-10-26 18:00:00,12.3,1,90,60,126,15.25,26.5,24.5,18,10,60,2.5,4.9
1999-10-26 15:00:00,12.2,1,80,60,126,11.5,24.5,24.5,18,10,69,1.9,6.8
1999-10-26 12:00:00,12.2,1,90,90,126,3.75,22,24.5,18,10,75,2.9,6.6
1999-10-26 09:00:00,11.9,1,90,110,125,0,18,24.5,18.5,10,97,1.3,6.4
1999-10-26 06:00:00,11.9,0,130,160,122,0,18.5,24.5,18.5,10,95,1.4,4.1
1999-10-26 03:00:00,11.9,0,100,130,120,10.25,20,24.5,18.5,10,85,2.5,3.8
1999-10-26 00:00:00,,,,100,120,10.25,20,,,,83,2,0
1999-10-25 21:00:00,12,0,90,100,120,10.25,21.5,31.5,18.5,10,80,3.6,8.5
1999-10-25 18:00:00,12.1,1,90,90,120,9.25,23.5,31.5,18.5,10,72,4.5,6.8
1999-10-25 15:00:00,12.3,1,100,110,120,7.25,24.5,31.5,18.5,10,67,3,6.4
1999-10-25 12:00:00,11.9,1,90,80,120,1.75,21,31.5,18.5,10,84,2.8,5.1
1999-10-25 09:00:00,11.9,1,80,110,120,0,19,31.5,19.5,10,95,1.7,3.5
1999-10-25 06:00:00,11.9,0,90,260,120,0,19,31.5,19.5,10,95,0.8,9.7
1999-10-25 03:00:00,12,0,80,80,118,16.25,19.5,31.5,19.5,10,97,5.7,8.3
1999-10-25 00:00:00,,,,110,104,16.25,20,,,,97,1.9,0
1999-10-24 21:00:00,12,0,50,280,78,16.25,20,35,20,10,97,4.7,15.9
1999-10-24 18:00:00,12.2,1,150,80,4,16,29.5,35,20,10,51,3.1,9.6
1999-10-24 15:00:00,12.3,1,140,140,4,8.25,27.5,35,20,10,62,4.2,8.2
1999-10-24 12:00:00,12.2,1,100,90,4,3,24,35,20,10,71,5.5,10.3
1999-10-24 09:00:00,11.9,0,110,120,3,0,20,35,20,10,91,2.5,8.2
1999-10-24 06:00:00,11.9,0,100,130,3,0,21,35,20,10,90,4.3,11.3
1999-10-24 03:00:00,12,0,120,120,1,22.75,22,35,20,10,83,5.1,10.4
1999-10-24 00:00:00,,,,120,1,22.75,24.5,,,,67,3.9,0
1999-10-23 21:00:00,12.1,0,320,240,1,22.75,30.5,33.5,20,10,43,7.6,12.7
1999-10-23 18:00:00,12.3,1,330,280,1,21.25,34.5,33.5,20,10,31,2.9,9.8
1999-10-23 15:00:00,12.2,1,330,300,1,13,32.5,33.5,20,10,33,3.6,10.9
1999-10-23 12:00:00,12,1,100,0,1,4.5,28,33.5,20,10,50,3.1,5.5
1999-10-23 09:00:00,11.9,1,130,110,1,0,21,33.5,18.5,10,70,2.1,4
1999-10-23 06:00:00,12,0,100,80,1,0,21.5,33.5,18.5,10,64,1.6,4.3
1999-10-23 03:00:00,12,0,90,140,1,19.75,25.5,33.5,18.5,10,53,1.3,7.7
1999-10-23 00:00:00,12,0,60,60,1,19.75,28.5,33.5,18.5,10,45,4.6,6.4
1999-10-22 21:00:00,12.1,0,20,340,1,19.75,30.5,32.5,18.5,10,38,2.7,7
1999-10-22 18:00:00,12.2,1,350,350,1,17.75,32.5,32.5,18.5,10,34,1.9,8.2
1999-10-22 15:00:00,,,,50,1,11,31,,,,41,4,0
1999-10-22 12:00:00,12.2,1,50,40,1,3.75,25.5,32.5,18.5,10,60,5.2,9.1
1999-10-22 09:00:00,11.9,1,120,100,1,0,20.5,32.5,18,10,76,2.5,4.6
1999-10-22 06:00:00,11.9,0,80,100,1,0,19.5,32.5,18,10,67,1.7,3.2
1999-10-22 03:00:00,11.9,0,90,100,1,25.75,22.5,32.5,18,10,58,1,6.9
1999-10-22 00:00:00,,,,90,1,25.75,25,,,,50,4.3,0
1999-10-21 21:00:00,12.1,0,50,60,1,25.75,28.5,31,18,10,41,6.6,10.8
1999-10-21 18:00:00,,,,110,1,23.25,31.5,,,,35,2.7,0
1999-10-21 15:00:00,12,1,90,80,1,14.25,29,31,18,10,37,2.4,11.4
1999-10-21 12:00:00,12.1,1,90,90,1,4.5,25.5,31,18,10,51,4.5,8.6
1999-10-21 09:00:00,11.9,1,120,120,1,0,19,31,20,10,75,2.8,4.7
1999-10-21 06:00:00,11.9,0,110,120,1,0,19,31,20,5,74,1.7,5.5
1999-10-21 03:00:00,12,0,100,120,1,21.25,22,31,20,10,60,2.7,7.7
1999-10-21 00:00:00,,,,90,1,21.25,24,,,,53,3.6,0
1999-10-20 21:00:00,12.1,0,90,100,1,21.25,27.5,35,20,10,41,5.2,9.8
1999-10-20 18:00:00,,,,80,1,20,30.5,,,,36,5.7,0
1999-10-20 15:00:00,12.3,1,80,110,1,13.25,30,35,20,10,37,5.3,13.3
1999-10-20 12:00:00,,,,90,1,4.75,26,,,,51,6.8,0
1999-10-20 09:00:00,11.9,1,90,110,1,0,20.5,35,18.5,10,76,4.2,7.3
1999-10-20 06:00:00,11.9,0,110,120,1,0,21,35,18.5,10,75,3.5,6.6
1999-10-20 03:00:00,12,0,100,110,1,26,23.5,35,18.5,10,58,2.9,10.3
1999-10-20 00:00:00,12,0,80,90,1,26,25.5,35,18.5,10,51,6.3,12.1
1999-10-19 21:00:00,12.1,0,90,100,1,26,31,36.5,18.5,10,33,6.1,11.3
1999-10-19 18:00:00,,,,80,1,23.5,34.5,,,,26,2.5,0
1999-10-19 15:00:00,,,,100,1,14.25,32,,,,34,3.8,0
1999-10-19 12:00:00,,,,100,1,4.25,25.5,,,,54,5.3,0
1999-10-19 09:00:00,11.9,1,130,140,1,0,19,36.5,17.5,10,77,4,6.2
1999-10-19 06:00:00,11.9,1,130,130,1,0,20.5,36.5,17.5,10,65,1.7,6.2
1999-10-19 03:00:00,12,0,110,130,1,25.5,20.5,36.5,17.5,10,60,1.6,5.9
1999-10-19 00:00:00,12,0,80,110,1,25.5,26,36.5,17.5,10,48,3.9,12.2
1999-10-18 21:00:00,12.1,0,80,70,1,25.5,32.5,35,17.5,10,30,6,11.1
1999-10-18 18:00:00,,,,100,1,23.25,35,,,,24,2.4,0
1999-10-18 15:00:00,12.1,1,80,310,1,14.75,33.5,35,17.5,10,31,1.6,6.2
1999-10-18 12:00:00,12.1,1,90,90,1,4.75,27,35,17.5,10,46,1.9,6.4
1999-10-18 09:00:00,12,1,120,80,1,0,19,35,15.5,10,67,2,4.1
1999-10-18 06:00:00,12,0,110,80,1,0,17.5,35,15.5,5,63,1.7,3.5
1999-10-18 03:00:00,12,0,80,100,1,26.25,20.5,35,15.5,10,56,0.6,7.8
1999-10-18 00:00:00,12.1,0,80,70,1,26.25,25.5,35,15.5,10,48,4.6,10.9
1999-10-17 21:00:00,,,,80,1,26.25,31.5,,,,25,2.7,0
1999-10-17 18:00:00,12.2,1,110,150,1,24,33.5,32,15.5,10,23,2.8,8.7
1999-10-17 15:00:00,12.1,1,90,30,1,15.25,31.5,32,15.5,10,34,3,7.4
1999-10-17 12:00:00,12.1,1,90,100,1,5,26,32,15.5,10,52,3.1,8.7
1999-10-17 09:00:00,,,,70,1,0,17,,,,83,0.3,0
1999-10-17 06:00:00,12,0,80,130,1,0,18.5,32,19.5,10,81,2.5,7.2
1999-10-17 03:00:00,12.1,0,80,70,1,23.25,21,32,19.5,10,72,3.6,9.3
1999-10-17 00:00:00,12.1,0,80,80,1,23.25,23,32,19.5,10,67,6.4,11.2
1999-10-16 21:00:00,12.2,0,80,80,1,23.25,27.5,31,19.5,10,44,6.3,10.5
1999-10-16 18:00:00,,,,30,1,21.25,31.5,,,,35,3.8,0
1999-10-16 15:00:00,12.3,1,90,70,1,12.75,29,31,19.5,10,44,3.9,11.1
1999-10-16 12:00:00,12.3,1,100,80,1,3.5,26,31,19.5,10,55,5.8,9.8
1999-10-16 09:00:00,12,1,90,100,1,0,19.5,31,18,10,78,2.7,5.9
1999-10-16 06:00:00,12,0,90,80,1,0,20,31,18,10,77,3.1,7.4
1999-10-16 03:00:00,,,,90,1,19,21,,,,73,4.8,0
1999-10-16 00:00:00,12.1,0,80,70,1,19,22,31,18,10,68,5.6,12.1
1999-10-15 21:00:00,12.2,0,90,100,1,19,27,30.5,18,10,47,5.4,10.7
1999-10-15 18:00:00,,,,70,1,16.75,30,,,,38,4.9,0
1999-10-15 15:00:00,12.3,1,90,100,1,8.75,27.5,30.5,18,10,49,5.8,9.9
1999-10-15 12:00:00,12.3,1,110,120,1,2.5,23,30.5,18,10,63,5.6,7.8
1999-10-15 09:00:00,12,1,120,140,1,0,19.5,30.5,15.5,10,75,3.1,6.9
1999-10-15 06:00:00,12.1,0,100,130,1,0,18.5,30.5,15.5,10,76,2.1,6.9
1999-10-15 03:00:00,12.1,0,80,80,1,23.5,20,30.5,15.5,10,68,3.8,9.7
1999-10-15 00:00:00,12.1,0,80,90,1,23.5,22.5,30.5,15.5,10,63,6.8,10.9
1999-10-14 21:00:00,,,,80,1,23.5,25,,,,49,7.7,0
1999-10-14 18:00:00,12.5,1,90,70,1,20.75,30,30,15.5,10,36,5.9,11.4
1999-10-14 15:00:00,12.4,1,90,100,1,12.5,27.5,30,15.5,10,43,5.2,12.1
1999-10-14 12:00:00,,,,120,1,4.5,23,,,,54,6.1,0
1999-10-14 09:00:00,12,1,110,100,1,0,16,30,19.5,5,79,2.7,7.8
1999-10-14 06:00:00,12,0,100,100,1,0,17.5,30,19.5,5,74,4.5,9.4
1999-10-14 03:00:00,,,,110,1,21.75,19,,,,73,3.7,0
1999-10-14 00:00:00,,,,100,1,21.75,22.5,,,,52,6.4,0
1999-10-13 21:00:00,,,,110,1,21.75,26.5,,,,35,4.9,0
1999-10-13 15:00:00,12.3,1,100,110,1,10.5,27,33,19.5,10,44,7.3,13.7
1999-10-13 12:00:00,12.2,1,90,90,1,2,23.5,33,19.5,10,58,9.1,14.8
1999-10-13 09:00:00,,,,100,1,0,20.5,,,,74,6.4,0
1999-10-13 06:00:00,12,0,110,110,1,0,20.5,33,18,10,77,5.9,10.8
1999-10-13 03:00:00,12,0,100,120,1,28.25,21,33,18,10,74,4.7,11.7
1999-10-13 00:00:00,12,0,90,90,1,28.25,24,33,18,10,51,6.5,11.3
1999-10-12 21:00:00,,,,100,1,28.25,28,,,,37,6.6,0
1999-10-12 18:00:00,,,,80,1,25.5,32,,,,27,5.8,0
1999-10-12 15:00:00,12.1,1,90,90,1,15.75,30,33,18,10,33,7,14.3
1999-10-12 12:00:00,12.2,1,90,100,1,5,25,33,18,10,51,6,11.8
1999-10-12 09:00:00,12,1,100,120,1,0,19,33,19.5,10,71,3.5,6.7
1999-10-12 06:00:00,12,0,100,110,1,0,18.5,33,19.5,5,78,3.9,8
1999-10-12 03:00:00,12,0,90,80,1,26.75,21,33,19.5,10,67,3.8,10.4
1999-10-12 00:00:00,,,,100,1,26.75,24,,,,55,4,0
1999-10-11 21:00:00,,,,90,1,26.75,27.5,,,,39,6.2,0
1999-10-11 18:00:00,12.4,1,100,90,1,24,32.5,35.5,19.5,10,29,6.3,13.1
1999-10-11 15:00:00,,,,80,1,14.5,30.5,,,,33,6.8,0
1999-10-11 12:00:00,12.2,1,90,90,1,4,25,35.5,19.5,10,52,7.8,13
1999-10-11 09:00:00,12,1,110,100,1,0,20,35.5,15.5,10,78,3.8,8.2
1999-10-11 06:00:00,12,0,110,120,1,0,20.5,35.5,15.5,10,77,4.5,9.3
1999-10-11 03:00:00,12.1,0,110,130,1,26.25,21,35.5,15.5,10,67,2.4,6.2
1999-10-11 00:00:00,,,,100,1,26.25,24,,,,49,4.1,0
1999-10-10 21:00:00,,,,90,1,26.25,30.5,,,,30,6.7,0
1999-10-10 18:00:00,12.3,1,120,130,1,24,34,32.5,15.5,10,26,4.3,10
1999-10-10 15:00:00,,,,120,1,15,31.5,,,,32,3,0
1999-10-10 12:00:00,12.2,1,80,100,1,4.75,25.5,32.5,15.5,10,51,3.3,7.2
1999-10-10 09:00:00,,,,100,1,0,17,,,,80,2.5,0
1999-10-10 06:00:00,12.1,0,80,120,1,0,16.5,32.5,16,5,81,0.4,3.6
1999-10-10 03:00:00,12.1,0,100,80,1,27,20,32.5,16,10,68,1.5,6.4
1999-10-10 00:00:00,12,0,80,100,1,27,23.5,32.5,16,10,55,3.4,7.3
1999-10-09 21:00:00,,,,90,1,27,29,,,,30,2.8,0
1999-10-09 18:00:00,12.4,1,100,150,1,24,31.5,30.5,16,10,27,4.4,10.1
1999-10-09 15:00:00,12.2,1,80,140,1,14.5,28.5,30.5,16,10,43,2.3,8.6
1999-10-09 12:00:00,12.3,1,110,110,1,4.25,22.5,30.5,16,10,63,2.9,7.5
1999-10-09 09:00:00,12.1,1,90,110,1,0,17.5,30.5,16,10,81,4,6.8
1999-10-09 06:00:00,12.1,0,90,80,1,0,17.5,30.5,16,10,81,2.9,5.7
1999-10-09 03:00:00,12.1,0,80,80,1,23,19.5,30.5,16,10,73,2.7,8.2
1999-10-09 00:00:00,12.2,0,80,80,1,23,22,30.5,16,10,63,4.4,9.6
1999-10-08 21:00:00,,,,90,1,23,27,,,,43,4.4,0
1999-10-08 18:00:00,12.5,1,100,110,1,20,29.5,27,16,10,36,3.2,8.8
1999-10-08 15:00:00,12.3,1,100,80,1,13.5,27,27,16,10,44,3.8,9.1
1999-10-08 12:00:00,12.4,1,90,100,1,3,22.5,27,16,10,57,4.3,9.2
1999-10-08 09:00:00,12.1,0,80,100,1,0,17.5,27,16.5,10,77,5.1,7.8
1999-10-08 06:00:00,12.1,0,100,90,1,0,17,27,16.5,5,83,3.5,8.7
1999-10-08 03:00:00,12.2,0,80,90,1,16.75,18.5,27,16.5,10,81,1.9,9.4
1999-10-08 00:00:00,,,,80,1,16.75,21.5,,,,64,5.2,0
1999-10-07 21:00:00,12.3,0,100,110,1,16.75,23.5,26,16.5,10,54,5.8,10.8
1999-10-07 18:00:00,,,,120,1,16,25,,,,50,5.7,0
1999-10-07 15:00:00,12.4,1,80,110,1,10.5,25.5,26,16.5,10,49,5.8,11.6
1999-10-07 12:00:00,12.4,1,110,110,1,3.25,20,26,16.5,10,66,7.3,11.9
1999-10-07 09:00:00,12.1,1,90,120,1,0,17,26,17,5,78,4.7,11
1999-10-07 06:00:00,12.1,0,100,100,1,0,17.5,26,17,10,81,5.4,12.4
1999-10-07 03:00:00,12.2,0,100,110,1,14.25,18.5,26,17,10,79,5.8,13.3
1999-10-07 00:00:00,,,,110,1,14.25,19.5,,,,80,6.4,0
1999-10-06 21:00:00,,,,120,1,14.25,21,,,,72,6.9,0
1999-10-06 18:00:00,12.5,1,90,120,1,12.75,23.5,29,17,10,69,7.6,13.6
1999-10-06 15:00:00,12.5,1,100,120,1,7.5,23.5,29,17,10,71,7.3,12.2
1999-10-06 12:00:00,,,,140,1,1.25,19,,,,94,4.9,0
1999-10-06 09:00:00,,,,100,0,0,17,,,,96,1.1,0
1999-10-06 06:00:00,12.1,0,90,100,0,0,18.5,29,15,10,77,5.4,10.9
1999-10-06 03:00:00,12,0,110,110,0,20.25,19,29,15,10,80,4,9.3
1999-10-06 00:00:00,12.2,0,110,120,0,20.25,21,29,15,10,75,4.5,10
1999-10-05 21:00:00,,,,110,0,20.25,23.5,,,,59,6,0
1999-10-05 18:00:00,12.5,1,90,110,0,18.5,28,31.5,15,10,41,8.5,14.8
1999-10-05 15:00:00,12.5,1,100,110,0,10.5,26.5,31.5,15,10,48,7.5,14.6
1999-10-05 12:00:00,12.3,1,100,90,0,3,22,31.5,15,10,59,7.8,12.2
1999-10-05 09:00:00,12.1,1,100,60,0,0,15.5,31.5,19,5,80,0.3,7.8
1999-10-05 06:00:00,12.1,0,90,110,0,0,17.5,31.5,19,5,77,5,9.2
1999-10-05 03:00:00,12.1,0,80,90,0,27.25,20,31.5,19,10,62,4.8,11.1
1999-10-05 00:00:00,12.2,0,90,80,0,27.25,23.5,31.5,19,10,46,4.6,10.7
1999-10-04 21:00:00,,,,100,0,27.25,27,,,,37,6.3,0
1999-10-04 18:00:00,12.5,1,80,100,0,24.5,31,36,19,10,30,6.5,13.1
1999-10-04 15:00:00,12.2,1,110,80,0,15.25,29,36,19,10,34,7.6,14.8
1999-10-04 12:00:00,12.4,1,100,100,0,4.75,24,36,19,10,49,8,13.7
1999-10-04 09:00:00,,,,120,0,0,19.5,,,,76,2.9,0
1999-10-04 06:00:00,12.1,0,100,110,0,0,20,36,15.5,10,77,4.4,11.1
1999-10-04 03:00:00,12.2,0,110,110,0,25.5,22,36,15.5,10,68,5.6,9.4
1999-10-04 00:00:00,12.2,0,100,100,0,25.5,25,36,15.5,10,48,4.4,10.3
1999-10-03 21:00:00,12.3,0,100,90,0,25.5,30.5,34.5,15.5,10,23,6,13.7
1999-10-03 18:00:00,12.5,1,90,110,0,22.75,35.5,34.5,15.5,10,20,7.2,13.7
1999-10-03 15:00:00,12.4,1,80,110,0,14.5,33,34.5,15.5,10,26,2.7,7.2
1999-10-03 12:00:00,12.5,1,80,90,0,4.25,26.5,34.5,15.5,10,50,3.2,6.4
1999-10-03 09:00:00,12.1,1,110,50,0,0,16.5,34.5,17.5,5,79,2.5,3.4
1999-10-03 06:00:00,12.1,0,110,80,0,0,18,34.5,17.5,5,70,2.2,5
1999-10-03 03:00:00,,,,150,0,27,21,,,,61,2,0
1999-10-03 00:00:00,,,,80,0,27,25,,,,46,4.5,0
1999-10-02 21:00:00,12.3,0,70,90,0,27,30.5,33.5,17.5,10,28,4.3,9.5
1999-10-02 18:00:00,12.5,1,90,100,0,24.25,34,33.5,17.5,10,23,3.5,8.7
1999-10-02 15:00:00,12.3,1,80,140,0,14.75,30.5,33.5,17.5,10,30,2.8,8.2
1999-10-02 12:00:00,12.5,1,90,100,0,4.5,24.5,33.5,17.5,10,56,3.8,9.1
1999-10-02 09:00:00,12.1,1,100,60,0,0,18,33.5,17.5,10,79,1.7,5.5
1999-10-02 06:00:00,12,0,110,60,0,0,18,33.5,17.5,5,79,1.7,5.1
1999-10-02 03:00:00,12.2,0,100,70,0,27.25,18,33.5,17.5,10,68,2,6.8
1999-10-02 00:00:00,12.3,0,80,100,0,27.25,24,33.5,17.5,10,50,3.9,9.5
1999-10-01 21:00:00,,,,80,0,27.25,28,,,,34,5.2,0
1999-10-01 18:00:00,12.5,1,80,90,0,24.5,33,35.5,17.5,10,23,6.6,11.5
1999-10-01 15:00:00,12.4,1,90,90,0,15,31.5,35.5,17.5,10,23,5,14.3
1999-10-01 12:00:00,12.6,1,90,80,0,4.75,25,35.5,17.5,10,44,4.5,9
1999-10-01 09:00:00,12.1,1,90,110,0,0,18,35.5,14.5,5,81,2.3,6.9
1999-10-01 06:00:00,12.2,0,110,120,0,0,19.5,35.5,14.5,10,64,3.3,6.2
1999-10-01 03:00:00,,,,140,0,26.5,19.5,,,,61,1.7,0
1999-10-01 00:00:00,,,,80,0,26.5,24.5,,,,40,3.3,0
1999-09-30 21:00:00,12.4,0,100,80,24,26.5,30.5,32.5,14.5,10,25,4.7,10.6
1999-09-30 18:00:00,12.5,1,70,100,24,24.25,35,32.5,14.5,10,16,3.2,11
1999-09-30 15:00:00,12.4,1,40,70,24,14.75,32.5,32.5,14.5,10,22,4.1,9.6
1999-09-30 12:00:00,12.6,1,80,240,24,4.5,25.5,32.5,14.5,10,53,2.2,5.1
1999-09-30 09:00:00,12.2,1,90,50,24,0,15,32.5,16,5,91,0.9,2.3
1999-09-30 06:00:00,12.2,0,150,80,24,0,17.5,32.5,16,5,83,0.6,3.4
1999-09-30 03:00:00,,,,140,24,25.25,20,,,,70,1.9,0
1999-09-30 00:00:00,,,,70,24,25.25,23,,,,55,3.8,0
1999-09-29 21:00:00,,,,50,24,25.25,28,,,,34,4.2,0
1999-09-29 18:00:00,12.5,1,100,70,24,23.25,31.5,32,16,10,26,3,9.7
1999-09-29 15:00:00,,,,80,24,14.25,29.5,,,,36,4.7,0
1999-09-29 12:00:00,12.7,1,90,100,24,4,23.5,32,16,10,57,5.4,10.9
1999-09-29 09:00:00,12.2,1,100,130,24,0,16.5,32,15.5,10,88,3.4,5
1999-09-29 06:00:00,12.2,0,90,110,24,0,17,32,15.5,5,82,2.2,7
1999-09-29 03:00:00,12.3,0,90,110,24,26.75,19.5,32,15.5,10,72,3.2,9.8
1999-09-29 00:00:00,,,,90,24,26.75,22.5,,,,59,5.8,0
1999-09-28 21:00:00,12.4,0,90,80,24,26.75,26,31,15.5,10,45,6.9,10.4
1999-09-28 18:00:00,12.5,1,100,90,24,24,31.5,31,15.5,10,31,5.6,10.8
1999-09-28 15:00:00,12.4,1,70,90,24,14.5,29,31,15.5,10,36,5.6,11.7
1999-09-28 12:00:00,12.7,1,90,80,24,4.25,24,31,15.5,10,55,6.3,9.9
1999-09-28 09:00:00,12.1,1,120,140,24,0,16.5,31,16.5,5,93,2.2,5.4
1999-09-28 06:00:00,12.2,0,110,120,24,0,17.5,31,16.5,10,89,2.7,5.7
1999-09-28 03:00:00,12.3,0,100,100,24,25.5,19,31,16.5,10,75,2.9,5.5
1999-09-28 00:00:00,12.3,0,90,100,24,25.5,21.5,31,16.5,10,66,3.6,10.4
1999-09-27 21:00:00,12.4,0,90,70,24,25.5,26,27,16.5,10,50,5.7,10.5
1999-09-27 18:00:00,12.6,1,100,70,24,22.75,30,27,16.5,10,36,5.4,10.5
1999-09-27 15:00:00,,,,90,24,13.25,28,,,,44,4.2,0
1999-09-27 12:00:00,12.7,1,90,90,24,3.25,22,27,16.5,10,61,6.1,10
1999-09-27 09:00:00,12.2,0,110,130,24,0,16.5,27,15.5,10,87,2.9,5.9
1999-09-27 06:00:00,12.3,0,110,120,24,0,17.5,27,15.5,10,87,2.8,7.9
1999-09-27 03:00:00,,,,120,24,20.75,18,,,,87,2.7,0
1999-09-27 00:00:00,,,,130,24,20.75,19,,,,81,3.2,0
1999-09-26 21:00:00,12.4,0,90,90,24,20.75,22,21.5,15.5,10,68,5.2,10.9
1999-09-26 18:00:00,12.6,1,90,80,24,19.5,25.5,21.5,15.5,10,55,6.3,11.4
1999-09-26 15:00:00,12.7,1,80,90,24,10.5,25,21.5,15.5,10,55,4.9,9.8
1999-09-26 12:00:00,12.8,1,70,90,24,2.75,21.5,21.5,15.5,10,70,5.5,7.7
1999-09-26 09:00:00,12.2,0,110,130,24,0,16,20,14.5,5,91,2.2,4.9
1999-09-26 06:00:00,12.2,0,90,110,24,0,16,20,14.5,5,90,1.8,7.2
1999-09-26 03:00:00,12.2,0,100,90,24,7,15.5,20,14.5,5,90,4.4,6.2
1999-09-26 00:00:00,,,,120,24,7,16,,,,91,3.7,0
1999-09-25 21:00:00,12.3,0,140,130,24,7,16,22.5,14.5,5,89,3.7,7.1
1999-09-25 18:00:00,12.5,1,90,130,24,6.5,17,22.5,14.5,10,89,4.5,9.5
1999-09-25 15:00:00,12.8,1,150,130,23,4.5,19.5,22.5,14.5,10,73,5.6,9.4
1999-09-25 12:00:00,12.6,1,130,130,23,1.25,16.5,22.5,14.5,5,84,5.8,9.3
1999-09-25 09:00:00,,,,150,22,0,15.5,,,,92,2.9,0
1999-09-25 06:00:00,,,,110,22,0,16.5,,,,88,4.8,0
1999-09-25 03:00:00,,,,130,22,6.75,17.5,,,,84,3.2,0
1999-09-24 21:00:00,12.4,0,110,120,22,6.75,20,27.5,19,10,79,4.3,11.2
1999-09-24 18:00:00,12.5,1,90,100,22,5.5,22,27.5,19,10,75,5.1,9.7
1999-09-24 15:00:00,12.5,1,90,110,22,3,21.5,27.5,19,10,82,4.6,6.5
1999-09-24 12:00:00,12.2,1,90,80,22,1,21.5,27.5,19,10,86,3.7,6
1999-09-24 09:00:00,12.3,0,90,100,21,0,19.5,27.5,20.5,10,95,2.6,4.7
1999-09-24 06:00:00,12.3,0,110,90,21,0,19.5,27.5,20.5,10,97,1.7,7
1999-09-24 03:00:00,,,,150,15,7.5,19.5,,,,97,2.7,0
1999-09-24 00:00:00,,,,160,0,7.5,20.5,,,,93,1.6,0
1999-09-23 21:00:00,12.4,0,80,120,0,7.5,21.5,33,21.5,10,81,3.3,7.9
1999-09-23 18:00:00,12.6,1,90,50,0,7,25,33,21.5,10,66,1.8,6.4
1999-09-23 15:00:00,12.6,1,90,140,0,3.5,25.5,33,21.5,10,63,3.7,6.3
1999-09-23 12:00:00,,,,150,0,1,22,,,,80,1.1,0
1999-09-23 09:00:00,12.3,0,120,130,0,0,21.5,33,16,10,68,2.8,6.4
1999-09-23 06:00:00,12.4,0,100,110,0,0,22.5,33,16,10,58,3.6,7.3
1999-09-23 03:00:00,12.4,0,80,130,0,21.75,25.5,33,16,10,44,3,5.7
1999-09-23 00:00:00,12.5,0,0,110,0,21.75,27.5,33,16,10,41,1.2,8.2
1999-09-22 21:00:00,12.5,0,230,240,0,21.75,29.5,32,16,10,36,2.8,5.8
1999-09-22 18:00:00,12.7,1,330,310,0,21.25,32,32,16,10,30,2.6,6.7
1999-09-22 15:00:00,12.7,1,100,230,0,13.75,30.5,32,16,10,34,1.7,8.4
1999-09-22 12:00:00,13,1,90,70,0,4.25,24,32,16,10,51,4.4,8.4
1999-09-22 09:00:00,12.3,1,140,130,0,0,16.5,32,17.5,5,77,2.3,4.5
1999-09-22 06:00:00,,,,140,0,0,17.5,,,,78,1.7,0
1999-09-22 03:00:00,,,,90,0,25.25,21,,,,67,5.3,0
1999-09-22 00:00:00,,,,70,0,25.25,24,,,,51,3.7,0
1999-09-21 18:00:00,12.7,1,100,150,0,22.5,31.5,31.5,17.5,10,32,4,8.5
1999-09-21 15:00:00,12.7,1,90,120,0,13.25,28.5,31.5,17.5,10,41,3.5,10.7
1999-09-21 12:00:00,13,1,80,110,0,3.5,24,31.5,17.5,10,56,4.8,9.3
1999-09-21 09:00:00,,,,120,0,0,19,,,,76,3.1,0
1999-09-21 06:00:00,12.4,0,100,120,0,0,19.5,31.5,15.5,10,75,3.9,10.7
1999-09-21 03:00:00,12.4,0,90,110,0,23,19.5,31.5,15.5,10,75,4.3,10.4
1999-09-21 00:00:00,,,,100,0,23,23,,,,58,4.2,0
1999-09-20 21:00:00,12.6,0,70,90,0,23,26,30.5,15.5,10,47,5.3,12.5
1999-09-20 18:00:00,12.8,1,90,80,0,21,30.5,30.5,15.5,10,36,5.9,11.4
1999-09-20 15:00:00,12.6,1,110,110,0,12.75,29.5,30.5,15.5,10,37,5.3,11.7
1999-09-20 12:00:00,12.9,1,80,100,0,3.5,23.5,30.5,15.5,10,57,6.1,10.2
1999-09-20 09:00:00,12.4,1,110,90,0,0,15.5,30.5,16.5,5,86,0.8,6
1999-09-20 06:00:00,12.4,0,100,120,0,0,18,30.5,16.5,5,79,3.1,9.5
1999-09-20 03:00:00,12.5,0,90,110,0,24.25,19.5,30.5,16.5,10,75,5.8,10.2
1999-09-20 00:00:00,12.5,0,100,90,0,24.25,23,30.5,16.5,10,51,6.1,9
1999-09-19 21:00:00,12.6,0,90,90,0,24.25,26.5,31,16.5,10,39,5.7,10.9
1999-09-19 18:00:00,12.7,1,80,70,0,21.75,30,31,16.5,10,34,5.4,11.1
1999-09-19 15:00:00,12.7,1,80,80,0,12.25,27.5,31,16.5,10,41,4,9.9
1999-09-19 12:00:00,13,1,90,110,0,3.25,23.5,31,16.5,10,56,5.1,10.7
1999-09-19 09:00:00,12.4,0,120,120,0,0,17,31,17.5,5,81,3.1,6.6
1999-09-19 06:00:00,12.4,0,80,120,0,0,18,31,17.5,5,77,3.1,10.9
1999-09-19 03:00:00,12.5,0,100,90,0,23,19.5,31,17.5,10,73,6.8,11.4
1999-09-19 00:00:00,12.5,0,90,90,0,23,23,31,17.5,10,61,7.6,11
1999-09-18 21:00:00,12.6,0,90,100,0,23,27,32.5,17.5,10,41,5,10.5
1999-09-18 18:00:00,,,,60,0,20.75,31,,,,33,5.3,0
1999-09-18 15:00:00,12.8,1,90,70,0,13.25,28.5,32.5,17.5,10,40,5,11.8
1999-09-18 12:00:00,12.9,1,110,90,0,3.5,24.5,32.5,17.5,10,53,6.1,11.1
1999-09-18 09:00:00,12.4,0,110,120,0,0,18,32.5,18.5,5,78,2,7.7
1999-09-18 06:00:00,12.4,0,80,120,0,0,19,32.5,18.5,10,72,4.7,8
1999-09-18 03:00:00,12.5,0,80,70,0,25,21,32.5,18.5,10,68,4.4,12.4
1999-09-18 00:00:00,12.5,0,80,90,0,25,24.5,32.5,18.5,10,43,4.9,8.8
1999-09-17 21:00:00,12.6,0,90,80,0,25,28,32,18.5,10,34,5.6,10.3
1999-09-17 18:00:00,12.7,1,80,80,0,22.5,31,32,18.5,10,31,5.5,10.3
1999-09-17 15:00:00,12.8,1,100,80,0,13.75,29,32,18.5,10,35,5.3,11.8
1999-09-17 12:00:00,,,,90,0,4.25,24,,,,52,7.9,0
1999-09-17 09:00:00,,,,110,0,0,18.5,,,,78,4.9,0
1999-09-17 06:00:00,12.4,0,80,110,0,0,19,32,17,10,76,5,8.9
1999-09-17 03:00:00,,,,90,0,26,21,,,,60,4.9,0
1999-09-17 00:00:00,12.5,0,70,100,0,26,23.5,32,17,10,42,4.1,9.7
1999-09-16 21:00:00,12.6,0,70,80,0,26,28,32,17,10,31,6.5,11.4
1999-09-16 18:00:00,,,,80,0,23,31,,,,28,7.2,0
1999-09-16 15:00:00,12.6,1,90,70,0,13.75,29,32,17,10,31,5.5,12.6
1999-09-16 12:00:00,,,,80,0,4,23.5,,,,51,6.6,0
1999-09-16 09:00:00,,,,80,0,0,19,,,,68,5.1,0
1999-09-16 06:00:00,12.4,0,90,120,0,0,17,32,19.5,5,79,2.1,7.9
1999-09-16 03:00:00,12.4,0,90,100,0,23.75,20.5,32,19.5,10,62,4.3,6.8
1999-09-16 00:00:00,12.5,0,80,110,0,23.75,23,32,19.5,10,50,4.1,10.4
1999-09-15 21:00:00,12.6,0,90,80,0,23.75,27,32.5,19.5,10,38,6.1,10.9
1999-09-15 18:00:00,12.7,1,90,70,0,21,31.5,32.5,19.5,10,28,6.3,11.8
1999-09-15 15:00:00,12.7,1,90,100,0,12,28.5,32.5,19.5,10,39,6,16.3
1999-09-15 12:00:00,13,1,90,90,0,2.5,23,32.5,19.5,10,57,7,11.4
1999-09-15 09:00:00,,,,110,0,0,20,,,,70,5.4,0
1999-09-15 06:00:00,12.4,0,110,110,0,0,19.5,32.5,16,10,78,3,8.6
1999-09-15 03:00:00,12.5,0,100,100,0,24.5,21.5,32.5,16,10,68,5,10.4
1999-09-15 00:00:00,12.5,0,80,110,0,24.5,23.5,32.5,16,10,53,4.1,11.4
1999-09-14 21:00:00,12.6,0,80,70,0,24.5,27.5,31.5,16,10,43,6.3,11.3
1999-09-14 18:00:00,12.7,1,90,90,0,21.75,31.5,31.5,16,10,33,5,12.8
1999-09-14 15:00:00,12.7,1,110,100,0,13.5,30.5,31.5,16,10,38,3.9,10.5
1999-09-14 12:00:00,,,,90,0,4,25.5,,,,55,5.2,0
1999-09-14 09:00:00,,,,80,0,0,18,,,,85,1.4,0
1999-09-14 06:00:00,12.5,0,100,140,0,0,19,31.5,16.5,10,79,1.6,9
1999-09-14 03:00:00,12.5,0,90,100,0,22.25,22.5,31.5,16.5,10,62,4.1,10.1
1999-09-14 00:00:00,12.5,0,70,70,0,22.25,24,31.5,16.5,10,51,3.8,8.1
1999-09-13 21:00:00,12.6,0,40,50,0,22.25,28,30.5,16.5,10,39,2.3,8
1999-09-13 18:00:00,12.8,1,100,90,0,20.5,31,30.5,16.5,10,34,3.9,9.2
1999-09-13 15:00:00,12.9,1,80,110,0,12.5,28.5,30.5,16.5,10,42,4.3,9.1
1999-09-13 12:00:00,,,,110,0,3,24.5,,,,54,4.1,0
1999-09-13 09:00:00,12.4,0,110,110,0,0,16.5,30.5,14.5,5,84,1.7,4.2
1999-09-13 06:00:00,12.5,0,90,120,0,0,18.5,30.5,14.5,10,79,2.3,8.9
1999-09-13 03:00:00,12.5,0,80,90,0,22.25,21.5,30.5,14.5,10,67,5.6,9.7
1999-09-13 00:00:00,12.5,0,80,80,0,22.25,23.5,30.5,14.5,10,45,4.1,8.4
1999-09-12 21:00:00,12.6,0,80,80,0,22.25,27,30.5,14.5,10,36,3.9,8.9
1999-09-12 18:00:00,12.8,1,50,50,0,19.75,29.5,30.5,14.5,10,32,3.3,12
1999-09-12 15:00:00,12.8,1,90,70,0,12.5,28,30.5,14.5,10,37,4.1,12.3
1999-09-12 12:00:00,,,,90,0,4,24.5,,,,52,6.4,0
1999-09-12 09:00:00,,,,140,0,0,15,,,,84,3.2,0
1999-09-12 06:00:00,12.4,0,90,90,0,0,18,30.5,15.5,5,75,3.4,8.9
1999-09-12 03:00:00,,,,100,0,24.75,19.5,,,,68,4.1,0
1999-09-12 00:00:00,,,,110,0,24.75,22.5,,,,51,4.2,0
1999-09-11 21:00:00,,,,100,0,24.75,25.5,,,,38,5.8,0
1999-09-11 18:00:00,12.7,1,80,100,0,22.25,29.5,31,15.5,10,31,7.3,13.4
1999-09-11 15:00:00,12.7,1,90,80,0,13.25,28,31,15.5,10,34,7.1,14.6
1999-09-11 12:00:00,,,,90,0,3.75,22,,,,55,7.1,0
1999-09-11 09:00:00,12.4,0,120,130,0,0,16,31,18,5,78,2.7,5.8
1999-09-11 06:00:00,12.4,0,100,140,0,0,16.5,31,18,5,77,2,7.6
1999-09-11 03:00:00,12.5,0,80,110,0,24.75,19.5,31,18,10,62,4.8,9.2
1999-09-11 00:00:00,,,,100,0,24.75,23.5,,,,48,5.2,0
1999-09-10 21:00:00,12.6,0,80,100,0,24.75,27,33,18,10,39,6.2,11.7
1999-09-10 18:00:00,12.8,1,90,100,0,22,30.5,33,18,10,33,5,11.4
1999-09-10 15:00:00,,,,80,0,13.25,28.5,,,,38,5,0
1999-09-10 12:00:00,,,,100,0,3.75,23.5,,,,54,6,0
1999-09-10 09:00:00,11.8,1,,110,0,0,18,33,18.5,35,74,3.2,11.3
1999-09-10 06:00:00,12.4,0,100,90,0,0,20,33,18.5,10,73,3.2,9.3
1999-09-10 03:00:00,12.5,0,90,90,0,23,21.5,33,18.5,10,69,3.1,11
1999-09-10 00:00:00,,,,90,0,23,24.5,,,,51,5.6,0
1999-09-09 21:00:00,12.6,0,80,80,0,23,28.5,33,18.5,10,39,6,9.9
1999-09-09 18:00:00,12.7,1,130,110,0,20.5,31.5,33,18.5,10,32,3.5,8.7
1999-09-09 15:00:00,12.8,1,80,70,0,13,30.5,33,18.5,10,38,2.7,8.3
1999-09-09 12:00:00,13,1,90,100,0,3.5,25.5,33,18.5,10,53,4.7,11.1
1999-09-09 09:00:00,,,,130,0,0,18.5,,,,81,3,0
1999-09-09 06:00:00,12.4,0,90,90,0,0,19.5,33,15,10,79,2.1,8.9
1999-09-09 03:00:00,12.5,0,80,80,0,24.25,22.5,33,15,10,64,5.3,8.9
1999-09-09 00:00:00,12.5,0,80,100,0,24.25,25,33,15,10,49,4.3,10.8
1999-09-08 21:00:00,12.6,0,80,70,0,24.25,29,32,15,10,38,6,9.1
1999-09-08 18:00:00,,,,170,0,22,32.5,,,,24,1.6,0
1999-09-08 15:00:00,12.7,1,110,80,0,13.5,29.5,32,15,10,37,3,7.7
1999-09-08 12:00:00,,,,90,0,3.75,24.5,,,,55,4.2,0
1999-09-08 09:00:00,12.4,0,150,90,0,0,16,32,16,5,86,1.3,4.4
1999-09-08 06:00:00,12.4,0,100,150,0,0,17,32,16,5,75,2.3,8.5
1999-09-08 03:00:00,12.5,0,100,100,0,25.25,21,32,16,10,58,4.9,8.6
1999-09-08 00:00:00,12.5,0,90,90,0,25.25,23.5,32,16,10,39,4.3,9.6
1999-09-07 21:00:00,12.6,0,90,100,0,25.25,28,31,16,10,30,4.2,7.4
1999-09-07 18:00:00,12.8,1,100,120,0,22.5,31.5,31,16,10,23,1.4,9.1
1999-09-07 15:00:00,12.8,1,90,130,0,13.25,29.5,31,16,10,31,3.3,13.1
1999-09-07 12:00:00,,,,110,0,3.75,24,,,,48,4.7,0
1999-09-07 09:00:00,,,,110,0,0,16,,,,80,2.3,0
1999-09-07 06:00:00,12.4,0,90,120,0,0,17,31,17,5,76,2.1,6.9
1999-09-07 03:00:00,12.5,0,90,100,0,24.75,20,31,17,10,51,3.9,7.5
1999-09-07 00:00:00,12.5,0,100,100,0,24.75,23,31,17,10,44,3.9,8.2
1999-09-06 21:00:00,12.6,0,120,100,0,24.75,27.5,32,17,10,35,4.5,9
1999-09-06 18:00:00,12.8,1,80,80,0,22,30.5,32,17,10,30,4.2,11
1999-09-06 15:00:00,,,,70,0,13,28,,,,35,5.1,0
1999-09-06 12:00:00,12.6,1,80,100,0,3.5,22.5,32,17,10,54,5.7,11.3
1999-09-06 09:00:00,12.4,0,90,120,0,0,17,32,16.5,5,73,3.1,9.6
1999-09-06 06:00:00,12.4,0,80,100,0,0,18,32,16.5,5,74,3.3,9.2
1999-09-06 03:00:00,12.5,0,90,90,0,23.75,20.5,32,16.5,10,64,5.3,11.5
1999-09-06 00:00:00,12.5,0,90,80,0,23.75,22.5,32,16.5,10,49,3.7,10.9
1999-09-05 21:00:00,12.6,0,90,90,0,23.75,26.5,31,16.5,10,39,7.2,10.4
1999-09-05 18:00:00,,,,110,0,21.25,31,,,,30,4.5,0
1999-09-05 15:00:00,12.7,1,80,90,0,12.5,28.5,31,16.5,10,37,4.5,10.5
1999-09-05 12:00:00,13,1,110,90,0,3,22.5,31,16.5,10,56,3.8,9.9
1999-09-05 09:00:00,,,,120,0,0,17,,,,77,3.1,0
1999-09-05 06:00:00,12.5,0,80,130,0,0,17.5,31,16,5,77,2.6,7.4
1999-09-05 03:00:00,12.5,0,90,100,0,25.5,20,31,16,10,58,4.7,11.2
1999-09-05 00:00:00,12.5,0,90,80,0,25.5,23,31,16,10,48,4,8.3
1999-09-04 21:00:00,12.6,0,110,100,0,25.5,27,30,16,10,35,3.4,11.2
1999-09-04 18:00:00,12.8,1,90,130,0,22.5,31,30,16,10,29,5.2,11.1
1999-09-04 15:00:00,12.7,1,100,130,0,13.5,28.5,30,16,10,35,4.8,10.6
1999-09-04 12:00:00,13.1,1,100,100,0,3.75,23,30,16,10,53,5.7,8.6
1999-09-04 09:00:00,12.4,0,110,120,0,0,16,30,14,5,81,1.9,7.1
1999-09-04 06:00:00,12.5,0,130,130,0,0,16.5,30,14,5,81,4.5,7.1
1999-09-04 03:00:00,12.5,0,100,100,0,23.5,18,30,14,5,70,3.1,8.1
1999-09-04 00:00:00,12.5,0,90,80,0,23.5,21,30,14,10,60,3.3,10.1
1999-09-03 21:00:00,12.6,0,80,90,0,23.5,26,29.5,14,10,40,5.6,11.2
1999-09-03 18:00:00,12.9,1,80,50,0,20.75,29.5,29.5,14,10,33,3,9.8
1999-09-03 15:00:00,,,,90,0,12.25,27.5,,,,39,4.5,0
1999-09-03 12:00:00,13,1,90,90,0,3.75,24,29.5,14,10,51,5.6,11
1999-09-03 09:00:00,12.4,0,100,90,0,0,14.5,29.5,15.5,5,89,2.2,3.8
1999-09-03 06:00:00,12.5,0,80,100,0,0,16,29.5,15.5,5,85,2,5.5
1999-09-03 03:00:00,12.5,0,100,80,0,25.25,18.5,29.5,15.5,5,75,3.3,9.4
1999-09-03 00:00:00,12.5,0,70,80,0,25.25,20.5,29.5,15.5,10,70,4.8,10.5
1999-09-02 21:00:00,12.6,0,60,70,0,25.25,25.5,29,15.5,10,42,4.2,10.6
1999-09-02 18:00:00,,,,60,0,22,29.5,,,,30,4,0
1999-09-02 15:00:00,12.8,1,90,70,0,14,27.5,29,15.5,10,37,4.1,11.4
1999-09-02 12:00:00,,,,100,0,3.75,22.5,,,,51,6.2,0
1999-09-02 09:00:00,12.4,0,80,140,0,0,15.5,29,13.5,5,77,1.3,10.2
1999-09-02 06:00:00,12.5,0,110,110,0,0,18,29,13.5,5,72,3.9,9.3
1999-09-02 03:00:00,12.5,0,90,110,0,22.5,18,29,13.5,5,75,4.2,10.3
1999-09-02 00:00:00,12.5,0,90,110,0,22.5,19.5,29,13.5,10,76,5.4,11.3
1999-09-01 21:00:00,12.6,0,90,100,0,22.5,24,30.5,13.5,10,49,5.6,12.7
1999-09-01 18:00:00,,,,90,0,20,28,,,,40,7.3,0
1999-09-01 15:00:00,12.9,1,60,90,0,12,26.5,30.5,13.5,10,45,6.1,12
1999-09-01 12:00:00,13.1,1,90,100,0,3.75,22.5,30.5,13.5,10,52,6.2,12.9
1999-09-01 09:00:00,12.4,0,110,120,0,0,14,30.5,13,5,82,3.8,7.7
1999-09-01 06:00:00,12.3,0,110,110,0,0,15.5,30.5,13,5,76,3.8,9.8
1999-09-01 03:00:00,12.5,0,90,100,0,26,18.5,30.5,13,5,71,4.8,12.9
1999-09-01 00:00:00,12.5,0,100,100,0,26,20.5,30.5,13,10,66,7.3,13.1
1999-08-31 21:00:00,12.6,0,110,100,3,26,25.5,30,13,10,34,5.1,9.9
1999-08-31 18:00:00,,,,110,3,23,30,,,,27,5.1,0
1999-08-31 15:00:00,12.6,1,90,100,3,13.5,28.5,30,13,10,26,5.2,13.6
1999-08-31 12:00:00,13.1,1,100,100,3,3.75,22.5,30,13,10,44,5.9,12.1
1999-08-31 09:00:00,12.3,0,110,150,3,0,13,30,11.5,5,83,2.3,6.5
1999-08-31 06:00:00,12.4,0,100,120,3,0,15,30,11.5,5,71,2.9,6.8
1999-08-31 03:00:00,12.5,0,110,100,3,25.5,18,30,11.5,5,63,4.2,8.7
1999-08-31 00:00:00,12.5,0,90,110,3,25.5,21,30,11.5,10,53,3.7,10.2
1999-08-30 21:00:00,12.6,0,90,100,3,25.5,25,31.5,11.5,10,43,5.7,11.8
1999-08-30 18:00:00,,,,90,3,22.75,29.5,,,,31,5.8,0
1999-08-30 15:00:00,12.7,1,90,90,3,13.5,28,31.5,11.5,10,32,6.7,11.9
1999-08-30 12:00:00,13.1,1,100,100,3,3.75,21.5,31.5,11.5,10,49,5.5,10.5
1999-08-30 09:00:00,12.4,0,100,100,3,0,13,31.5,15,5,80,2.9,4.7
1999-08-30 06:00:00,12.4,0,100,100,3,0,13.5,31.5,15,5,65,1.8,4
1999-08-30 03:00:00,12.5,0,80,90,3,25.75,18,31.5,15,5,50,2.3,6.6
1999-08-30 00:00:00,12.5,0,90,80,3,25.75,21,31.5,15,10,41,3.7,9.3
1999-08-29 21:00:00,12.6,0,100,100,3,25.75,26,30,15,10,33,5.2,11
1999-08-29 18:00:00,,,,100,3,22.75,30.5,,,,23,6.1,0
1999-08-29 15:00:00,12.6,1,80,100,3,13.5,28,30,15,10,27,6,12.7
1999-08-29 12:00:00,,,,90,3,3.75,23.5,,,,44,6.6,0
1999-08-29 09:00:00,12.4,0,120,120,3,0,15,30,12.5,5,83,3.9,6
1999-08-29 06:00:00,12.4,0,90,130,3,0,15.5,30,12.5,5,84,3.5,8.7
1999-08-29 03:00:00,12.5,0,90,90,3,25.5,18,30,12.5,5,66,4.4,8.1
1999-08-29 00:00:00,12.5,0,90,100,3,25.5,21,30,12.5,10,40,5.3,10
1999-08-28 21:00:00,12.6,0,70,100,3,25.5,25.5,30.5,12.5,10,33,5.1,9.8
1999-08-28 18:00:00,,,,120,3,22.5,29.5,,,,25,5.2,0
1999-08-28 15:00:00,12.6,1,110,130,3,13.25,28.5,30.5,12.5,10,27,5.4,11.5
1999-08-28 12:00:00,13.1,1,130,110,3,3.75,21,30.5,12.5,10,49,5.1,8.8
1999-08-28 09:00:00,12.3,0,140,150,3,0,13.5,30.5,16.5,5,87,2.2,4.2
1999-08-28 06:00:00,12.4,0,100,40,3,0,13,30.5,16.5,5,78,0.8,5.7
1999-08-28 03:00:00,12.5,0,90,130,3,23.75,16.5,30.5,16.5,5,64,1.1,6.9
1999-08-28 00:00:00,12.5,0,90,100,3,23.75,21.5,30.5,16.5,10,49,4.5,10.1
1999-08-27 21:00:00,,,,100,3,23.75,25.5,,,,37,5.4,0
1999-08-27 18:00:00,,,,110,3,21.75,28.5,,,,35,4.7,0
1999-08-27 15:00:00,,,,90,3,13,27.5,,,,40,6,0
1999-08-27 12:00:00,13,1,100,90,3,3.5,22.5,30,16.5,10,53,7.1,12.4
1999-08-27 09:00:00,12.4,0,110,120,3,0,16.5,30,17.5,5,77,5.2,10
1999-08-27 06:00:00,12.4,0,90,120,3,0,18.5,30,17.5,10,76,4.4,10.2
1999-08-27 03:00:00,12.5,0,100,100,3,18.5,19.5,30,17.5,10,77,5.4,11.8
1999-08-27 00:00:00,12.5,0,90,110,3,18.5,20,30,17.5,10,72,3.6,10.3
1999-08-26 21:00:00,12.6,0,100,100,3,18.5,24,30.5,17.5,10,59,6.7,11.6
1999-08-26 18:00:00,12.8,1,80,100,3,17,28.5,30.5,17.5,10,42,5.6,11.4
1999-08-26 15:00:00,12.8,1,80,80,3,8.25,27,30.5,17.5,10,48,6.4,10.6
1999-08-26 12:00:00,12.9,1,80,70,3,2.5,23,30.5,17.5,10,62,6.2,10.8
1999-08-26 09:00:00,12.4,0,90,90,3,0,19,30.5,14.5,10,85,3.9,8.2
1999-08-26 06:00:00,12.4,0,100,120,3,0,18,30.5,14.5,5,84,2.3,9.3
1999-08-26 03:00:00,12.5,0,90,100,3,22,20,30.5,14.5,10,75,5.4,10.6
1999-08-26 00:00:00,12.4,0,90,100,3,22,23,30.5,14.5,10,55,5.4,9.2
1999-08-25 21:00:00,12.4,0,90,90,3,22,26.5,30.5,14.5,10,41,6.2,9.2
1999-08-25 18:00:00,12.7,1,90,90,3,19.5,29,28.5,14.5,10,34,5.9,11
1999-08-25 15:00:00,12.8,1,110,80,3,10.75,26.5,28.5,14.5,10,40,5.8,11.4
1999-08-25 12:00:00,13.1,1,90,80,3,2.75,24,28.5,14.5,10,54,6.6,9.4
1999-08-25 09:00:00,12.4,0,100,110,3,0,16.5,28.5,14.5,5,83,2.2,4.3
1999-08-25 06:00:00,,,,70,3,0,15.5,,,,88,1.9,0
1999-08-25 03:00:00,12.5,0,80,90,3,23.5,18.5,28.5,14.5,10,81,3.5,8.9
1999-08-25 00:00:00,12.5,0,90,90,3,23.5,20,28.5,14.5,10,54,2.6,8.1
1999-08-24 21:00:00,,,,90,3,23.5,24,,,,38,4.8,0
1999-08-24 18:00:00,,,,100,3,20.75,28,,,,30,7.2,0
1999-08-24 15:00:00,12.7,1,80,90,3,12.75,26,28.5,14.5,10,39,7.9,13.1
1999-08-24 12:00:00,12.8,1,100,100,3,3.5,22,28.5,14.5,10,49,7,12.8
1999-08-24 09:00:00,12.4,0,110,110,3,0,15,28.5,15,5,82,4,7.3
1999-08-24 06:00:00,12.4,0,110,110,3,0,15,28.5,15,5,83,3.3,7.6
1999-08-24 03:00:00,12.5,0,110,110,3,22.75,17,28.5,15,5,78,4,8.3
1999-08-24 00:00:00,,,,120,3,22.75,18.5,,,,73,4.4,0
1999-08-23 21:00:00,,,,100,3,22.75,21.5,,,,61,6.4,0
1999-08-23 18:00:00,12.9,1,90,100,3,20.25,27,26.5,15,10,43,7,14.7
1999-08-23 15:00:00,12.7,1,90,90,3,12.25,27,26.5,15,10,39,6.9,13.8
1999-08-23 12:00:00,13.1,1,100,120,3,3,22,26.5,15,10,55,6,12.9
1999-08-23 09:00:00,12.4,0,100,120,3,0,15.5,26.5,15,5,89,4,9.2
1999-08-23 06:00:00,12.4,0,100,110,3,0,17,26.5,15,5,76,4.7,7.2
1999-08-23 03:00:00,12.5,0,90,100,3,19.5,16.5,26.5,15,5,77,4,8.2
1999-08-23 00:00:00,,,,70,3,19.5,15.5,,,,58,3.1,0
1999-08-22 21:00:00,,,,130,3,19.5,22,,,,50,3.9,0
1999-08-22 18:00:00,,,,90,3,17.75,24.5,,,,49,8,0
1999-08-22 15:00:00,12.9,1,80,90,3,11.5,24.5,27,15.5,10,48,9,15.4
1999-08-22 12:00:00,13.1,1,90,110,3,3,21.5,27,15.5,10,55,9.4,14.9
1999-08-22 09:00:00,12.4,0,100,110,3,0,16,27,15.5,5,80,4.2,11.7
1999-08-22 06:00:00,12.4,0,90,110,3,0,17,27,15.5,5,77,6.9,14.7
1999-08-22 03:00:00,12.3,0,90,110,3,14.75,19,27,15.5,5,80,4.7,7.9
1999-08-22 00:00:00,12.5,0,90,100,3,14.75,19,27,15.5,10,79,4.6,11.6
1999-08-21 21:00:00,,,,100,3,14.75,21.5,,,,67,6,0
1999-08-21 18:00:00,12.9,1,120,110,3,12.75,26,27,15.5,10,53,7.8,11.3
1999-08-21 15:00:00,12.7,1,90,110,3,7.5,26,27,15.5,10,52,6,13.4
1999-08-21 12:00:00,12.7,1,120,110,3,2.25,21,27,15.5,10,67,7.1,12.3
1999-08-21 09:00:00,12.4,0,100,110,3,0,16,27,17,5,88,2.7,8
1999-08-21 06:00:00,12.4,0,100,120,3,0,16,27,17,5,84,5.2,10.6
1999-08-21 03:00:00,12.4,0,110,110,3,12.25,16.5,27,17,5,86,6.3,11.4
1999-08-21 00:00:00,,,,110,3,12.25,17,,,,87,7,0
1999-08-20 21:00:00,,,,120,3,12.25,23.5,,,,57,7.4,0
1999-08-20 18:00:00,12.7,1,130,100,3,11.5,25.5,27,18,10,48,5.8,11.6
1999-08-20 15:00:00,,,,110,3,7.25,25,,,,51,6.3,0
1999-08-20 12:00:00,12.7,1,90,110,3,1.75,22,27,18,10,66,6.1,10.7
1999-08-20 09:00:00,12.4,0,110,120,3,0,18.5,27,16.5,5,80,3.4,8.5
1999-08-20 06:00:00,12.4,0,80,110,3,0,19,27,16.5,10,77,4.4,6.7
1999-08-20 03:00:00,12.5,0,90,100,3,15.25,19,27,16.5,10,78,2.7,9.5
1999-08-20 00:00:00,,,,100,3,15.25,21.5,,,,67,5.9,0
1999-08-19 21:00:00,12.6,0,80,110,3,15.25,24.5,28.5,16.5,10,53,5.4,10.7
1999-08-19 18:00:00,12.7,1,90,110,3,14.25,26,28.5,16.5,10,48,4.8,12.2
1999-08-19 15:00:00,12.9,1,90,110,3,9.75,25.5,28.5,16.5,10,49,6.5,13.6
1999-08-19 12:00:00,,,,100,3,2.75,21.5,,,,62,8,0
1999-08-19 09:00:00,12.4,0,110,120,3,0,16.5,28.5,17,5,84,2.9,9.5
1999-08-19 06:00:00,12.4,0,100,110,3,0,18.5,28.5,17,5,78,4.9,9.4
1999-08-19 03:00:00,12.4,0,90,100,3,17.75,18.5,28.5,17,5,77,4.1,8.2
1999-08-19 00:00:00,,,,90,3,17.75,19.5,,,,74,3.8,0
1999-08-18 21:00:00,,,,120,3,17.75,23.5,,,,56,6.5,0
1999-08-18 18:00:00,,,,100,3,16.75,26.5,,,,45,6.5,0
1999-08-18 15:00:00,12.9,1,110,90,3,11.75,27,28,17,10,43,7.7,14.6
1999-08-18 12:00:00,13,1,130,130,3,3,21.5,28,17,10,56,5.9,12.4
1999-08-18 09:00:00,12.4,0,110,130,3,0,17.5,28,16.5,5,71,4.8,12.7
1999-08-18 06:00:00,12.4,0,110,110,3,0,18.5,28,16.5,5,69,6.4,11.6
1999-08-18 03:00:00,12.5,0,110,120,3,23.25,19.5,28,16.5,10,65,4.9,14
1999-08-18 00:00:00,12.5,0,110,110,3,23.25,20.5,28,16.5,10,60,6.9,12.1
1999-08-17 21:00:00,12.6,0,100,100,3,23.25,22.5,30.5,16.5,10,55,6.4,14.5
1999-08-17 18:00:00,12.9,1,100,110,3,20.75,27,30.5,16.5,10,41,8.3,14.9
1999-08-17 15:00:00,12.6,1,80,100,3,12.25,26,30.5,16.5,10,45,9.2,15.8
1999-08-17 12:00:00,13,1,100,110,3,3.25,21.5,30.5,16.5,10,58,9.1,15.3
1999-08-17 09:00:00,12.4,0,110,120,3,0,16.5,30.5,16,5,77,5.5,12.5
1999-08-17 06:00:00,12.4,0,100,110,3,23.75,19.5,30.5,16,5,74,6.5,13
1999-08-17 03:00:00,,,,110,3,23.75,19.5,,,,74,6.5,0
1999-08-17 00:00:00,,,,110,3,23.75,22,,,,58,5.2,0
1999-08-16 21:00:00,12.6,0,90,100,3,23.75,26,33.5,16,10,40,5.9,13.1
1999-08-16 18:00:00,12.8,1,140,100,3,21,30,33.5,16,10,31,7.2,12.7
1999-08-16 15:00:00,12.6,1,100,100,3,12.25,27.5,33.5,16,10,40,6.8,13.6
1999-08-16 12:00:00,13,1,110,100,3,3.25,23,33.5,16,10,53,8,9.1
1999-08-16 09:00:00,12.4,0,100,110,3,0,16.5,33.5,12,5,76,5.3,8.7
1999-08-16 06:00:00,12.4,0,100,120,3,0,17.5,33.5,12,5,74,3.3,9.3
1999-08-16 03:00:00,12.4,0,100,100,3,23.5,20.5,33.5,12,5,62,5.4,12.1
1999-08-16 00:00:00,12.5,0,90,70,3,23.5,23.5,33.5,12,10,47,3.7,8.6
1999-08-15 21:00:00,12.6,0,140,100,3,23.5,29,32.5,12,10,27,4.5,9.4
1999-08-15 18:00:00,12.8,1,90,90,3,20.5,32.5,32.5,12,10,24,3,9.3
1999-08-15 15:00:00,12.6,1,90,100,3,12.25,31,32.5,12,10,32,4.1,7.3
1999-08-15 12:00:00,13,1,90,110,3,3.25,25,32.5,12,10,43,4.1,3.8
1999-08-15 09:00:00,12.4,0,100,90,3,0,14.5,32.5,14.5,5,78,2.3,3
1999-08-15 06:00:00,12.4,0,70,100,3,0,14.5,32.5,14.5,5,60,0.7,8.5
1999-08-15 03:00:00,,,,50,3,24,17,,,,48,1.4,0
1999-08-15 00:00:00,12.5,0,90,70,3,24,23,32.5,14.5,10,34,4.2,8.4
1999-08-14 21:00:00,12.6,0,150,100,3,24,28,31,14.5,10,25,3.2,9.5
1999-08-14 18:00:00,12.8,1,90,130,3,21.25,32,31,14.5,10,23,4.1,8.7
1999-08-14 15:00:00,12.6,1,110,140,3,12.5,29.5,31,14.5,10,34,2.8,7.2
1999-08-14 12:00:00,13,1,130,90,3,3.25,24.5,31,14.5,10,50,4.1,4.3
1999-08-14 09:00:00,12.3,0,70,120,3,0,15,31,11,5,91,2,5.8
1999-08-14 06:00:00,12.4,0,80,140,3,0,17.5,31,11,5,81,1.7,6.1
1999-08-14 03:00:00,12.4,0,90,50,3,23.75,17.5,31,11,5,74,2.8,8.5
1999-08-14 00:00:00,12.5,0,50,70,3,23.75,22,31,11,10,58,4.7,10.5
1999-08-13 21:00:00,12.5,0,90,50,3,23.75,26.5,29,11,10,39,4.2,9.6
1999-08-13 18:00:00,12.9,1,80,70,3,21.25,31,29,11,10,30,4.4,12.9
1999-08-13 15:00:00,12.7,1,80,50,3,12.5,29,29,11,10,35,4.2,8.6
1999-08-13 12:00:00,13,1,90,90,3,3.25,23.5,29,11,10,57,4.5,3.8
1999-08-13 09:00:00,12.3,0,100,60,3,0,11,29,16,5,90,1.7,3.6
1999-08-13 06:00:00,12.3,0,90,60,3,0,12,29,16,5,77,2.3,8
1999-08-13 03:00:00,,,,30,3,21.5,14.5,,,,66,1.9,0
1999-08-13 00:00:00,12.4,0,90,90,3,21.5,21.5,29,16,10,47,5.1,9.3
1999-08-12 21:00:00,12.4,0,100,100,3,21.5,25,29.5,16,10,38,5.1,11.1
1999-08-12 18:00:00,12.9,1,90,110,3,18.75,29,29.5,16,10,32,3.7,10.4
1999-08-12 15:00:00,12.6,1,90,120,3,10.25,27,29.5,16,10,40,4.3,9.8
1999-08-12 12:00:00,12.7,1,120,100,3,2.5,22.5,29.5,16,10,58,5.4,5.6
1999-08-12 09:00:00,12.3,0,100,110,3,0,17.5,29.5,17,5,78,2.4,7.5
1999-08-12 06:00:00,12.3,0,90,100,3,0,18,29.5,17,5,75,4.2,5.2
1999-08-12 03:00:00,12.4,0,90,100,3,16.75,18.5,29.5,17,5,78,1.7,8.6
1999-08-12 00:00:00,,,,70,3,16.75,21,,,,65,2.6,0
1999-08-11 21:00:00,12.5,0,110,90,3,16.75,25.5,29,17,10,47,4.6,9.2
1999-08-11 18:00:00,12.6,1,80,80,3,14.5,28,29,17,10,40,3.7,11.3
1999-08-11 15:00:00,12.7,1,90,120,3,8,28,29,17,10,43,5.3,9.2
1999-08-11 12:00:00,12.5,1,110,110,3,1.75,21,29,17,10,68,3.8,7.4
1999-08-11 09:00:00,12.3,0,90,130,3,0,17,29,16.5,5,79,1.9,10.1
1999-08-11 06:00:00,12.4,0,90,100,3,0,19,29,16.5,5,74,4.7,9.6
1999-08-11 03:00:00,,,,100,3,23,19,,,,76,4.3,0
1999-08-11 00:00:00,12.4,0,90,80,3,23,21.5,29,16.5,10,64,3.7,10.2
1999-08-10 21:00:00,12.5,0,80,100,3,23,25,30,16.5,10,48,4,11.5
1999-08-10 18:00:00,13,1,100,90,3,20.5,28.5,30,16.5,10,40,5.9,11.9
1999-08-10 15:00:00,12.7,1,90,110,3,11.75,26.5,30,16.5,10,49,5.9,12.3
1999-08-10 12:00:00,12.8,1,100,100,3,3.25,22.5,30,16.5,10,59,7.1,7.3
1999-08-10 09:00:00,12.3,0,90,120,3,0,17,30,14,5,84,3,6.9
1999-08-10 06:00:00,12.3,0,90,120,3,0,17,30,14,5,86,1.8,10.8
1999-08-10 03:00:00,12.3,0,100,100,3,19,19.5,30,14,5,80,3.7,12.1
1999-08-10 00:00:00,12.4,0,100,90,3,19,21,30,14,10,73,5.7,12.1
1999-08-09 21:00:00,12.4,0,80,100,3,19,24.5,27,14,10,56,6.3,8.8
1999-08-09 18:00:00,12.9,1,80,90,3,17,28,27,14,10,38,3.8,11.2
1999-08-09 15:00:00,12.8,1,80,90,3,10.5,27.5,27,14,10,43,5.2,12.6
1999-08-09 12:00:00,12.6,1,110,80,3,2.5,23.5,27,14,10,54,6.3,6.2
1999-08-09 09:00:00,12.2,0,100,310,3,0,14.5,27,17,5,87,0.6,8.3
1999-08-09 06:00:00,,,,110,3,0,17.5,,,,79,3.6,0
1999-08-09 03:00:00,12.3,0,90,90,3,17.25,18,27,17,5,74,3.1,8.9
1999-08-09 00:00:00,12.2,0,90,90,3,17.25,21,27,17,5,55,3.9,9.9
1999-08-08 21:00:00,12.4,0,60,90,3,17.25,23.5,27,17,10,53,4.9,10
1999-08-08 18:00:00,12.7,1,80,80,3,15.25,26.5,27,17,10,45,3.9,11.1
1999-08-08 15:00:00,,,,100,3,10,25.5,,,,50,4.7,0
1999-08-08 12:00:00,12.6,1,120,90,3,2.75,21.5,27,17,10,61,6.7,8.2
1999-08-08 09:00:00,12.2,0,90,130,3,0,17.5,27,17.5,5,84,2.7,7.8
1999-08-08 06:00:00,12.2,0,100,110,3,0,17.5,27,17.5,5,82,3.3,10.1
1999-08-08 03:00:00,,,,100,3,15.5,18.5,,,,80,4,0
1999-08-08 00:00:00,12.3,0,100,110,3,15.5,20,27,17.5,10,75,5.1,9.8
1999-08-07 21:00:00,12.3,0,90,110,3,15.5,23.5,25.5,17.5,10,59,5.4,11.2
1999-08-07 18:00:00,12.6,1,100,90,3,14,25.5,25.5,17.5,10,52,6,13.9
1999-08-07 15:00:00,12.7,1,90,90,3,10.25,26.5,25.5,17.5,10,49,7.5,13.6
1999-08-07 12:00:00,12.5,1,120,110,3,2,21.5,25.5,17.5,10,62,7.9,10.4
1999-08-07 09:00:00,12.1,0,110,120,3,0,17.5,25.5,17,5,77,3.9,10.9
1999-08-07 06:00:00,,,,110,3,0,18,,,,76,5.8,0
1999-08-07 03:00:00,12.2,0,100,100,3,13.5,17.5,25.5,17,5,83,4.1,9.2
1999-08-07 00:00:00,12.3,0,100,100,3,13.5,19,25.5,17,5,76,4.7,11.3
1999-08-06 21:00:00,12.3,0,100,110,3,13.5,21,27,17,10,67,5.8,12.7
1999-08-06 18:00:00,12.6,1,90,90,3,12.25,24.5,27,17,10,53,7.6,12.6
1999-08-06 15:00:00,12.5,1,100,120,3,2.25,22,27,17,10,60,8,13.1
1999-08-06 12:00:00,12.7,1,110,120,3,2.25,22,27,17,10,60,8,9.2
1999-08-06 09:00:00,12.1,0,110,120,3,0,18,27,21.5,5,74,5,7.9
1999-08-06 06:00:00,,,,110,3,0,17.5,,,,77,3.1,0
1999-08-06 03:00:00,,,,100,3,11,19.5,,,,71,5.8,0
1999-08-06 00:00:00,12.3,0,130,90,3,11,21.5,27,21.5,10,57,5.1,9.5
1999-08-05 21:00:00,12.3,0,80,110,3,11,24,,,10,46,5.4,10.5
1999-08-05 18:00:00,12.6,1,,110,3,9.5,25.5,,,10,41,5.3,0
1999-08-05 15:00:00,12.6,1,0,120,3,4,25.5,,,25,41,5.3,0

